team1,team2,venue,toss_winner,toss_decision,winner
Chennai Super Kings,Delhi Capitals,Chidambaram Stadium,Chennai Super Kings,bat,Chennai Super Kings
Sunrisers Hyderabad,Delhi Capitals,Feroz Shah Kotla,Delhi Capitals,field,Delhi Capitals
Delhi Capitals,Royal Challengers Bangalore,M. Chinnaswamy Stadium,Royal Challengers Bangalore,bat,Delhi Capitals
Mumbai Indians,Delhi Capitals,Eden Gardens,Delhi Capitals,bat,Delhi Capitals
Chennai Super Kings,Sunrisers Hyderabad,Wankhede Stadium,Chennai Super Kings,field,Sunrisers Hyderabad
Royal Challengers Bangalore,Sunrisers Hyderabad,M. Chinnaswamy Stadium,Sunrisers Hyderabad,field,Sunrisers Hyderabad
Chennai Super Kings,Mumbai Indians,Wankhede Stadium,Mumbai Indians,field,Mumbai Indians
Royal Challengers Bangalore,Mumbai Indians,Chidambaram Stadium,Mumbai Indians,field,Mumbai Indians
Rajasthan Royals,Royal Challengers Bangalore,M. Chinnaswamy Stadium,Royal Challengers Bangalore,bat,Royal Challengers Bangalore
Delhi Capitals,Royal Challengers Bangalore,M. Chinnaswamy Stadium,Delhi Capitals,bat,Delhi Capitals
Chennai Super Kings,Rajasthan Royals,Eden Gardens,Chennai Super Kings,field,Chennai Super Kings
Sunrisers Hyderabad,Kolkata Knight Riders,Wankhede Stadium,Kolkata Knight Riders,bat,Sunrisers Hyderabad
Delhi Capitals,Rajasthan Royals,M. Chinnaswamy Stadium,Delhi Capitals,field,Rajasthan Royals
Chennai Super Kings,Kolkata Knight Riders,Eden Gardens,Chennai Super Kings,bat,Kolkata Knight Riders
Chennai Super Kings,Kolkata Knight Riders,Chidambaram Stadium,Kolkata Knight Riders,field,Chennai Super Kings
Punjab Kings,Rajasthan Royals,M. Chinnaswamy Stadium,Punjab Kings,bat,Punjab Kings
Mumbai Indians,Sunrisers Hyderabad,M. Chinnaswamy Stadium,Sunrisers Hyderabad,bat,Mumbai Indians
Mumbai Indians,Royal Challengers Bangalore,Eden Gardens,Royal Challengers Bangalore,field,Mumbai Indians
Chennai Super Kings,Royal Challengers Bangalore,Wankhede Stadium,Royal Challengers Bangalore,bat,Chennai Super Kings
Rajasthan Royals,Kolkata Knight Riders,Wankhede Stadium,Rajasthan Royals,field,Kolkata Knight Riders
Delhi Capitals,Chennai Super Kings,Wankhede Stadium,Chennai Super Kings,field,Chennai Super Kings
Punjab Kings,Rajasthan Royals,Wankhede Stadium,Punjab Kings,bat,Rajasthan Royals
Punjab Kings,Royal Challengers Bangalore,Eden Gardens,Royal Challengers Bangalore,field,Punjab Kings
Mumbai Indians,Sunrisers Hyderabad,Eden Gardens,Mumbai Indians,bat,Sunrisers Hyderabad
Royal Challengers Bangalore,Mumbai Indians,Wankhede Stadium,Royal Challengers Bangalore,field,Royal Challengers Bangalore
Mumbai Indians,Chennai Super Kings,Eden Gardens,Chennai Super Kings,bat,Mumbai Indians
Delhi Capitals,Chennai Super Kings,Wankhede Stadium,Delhi Capitals,field,Delhi Capitals
Punjab Kings,Rajasthan Royals,Chidambaram Stadium,Rajasthan Royals,bat,Rajasthan Royals
Rajasthan Royals,Royal Challengers Bangalore,M. Chinnaswamy Stadium,Rajasthan Royals,field,Rajasthan Royals
Delhi Capitals,Chennai Super Kings,Wankhede Stadium,Chennai Super Kings,field,Delhi Capitals
Punjab Kings,Rajasthan Royals,Wankhede Stadium,Punjab Kings,bat,Punjab Kings
Mumbai Indians,Kolkata Knight Riders,M. Chinnaswamy Stadium,Mumbai Indians,field,Mumbai Indians
Chennai Super Kings,Sunrisers Hyderabad,Wankhede Stadium,Sunrisers Hyderabad,bat,Sunrisers Hyderabad
Mumbai Indians,Punjab Kings,Eden Gardens,Mumbai Indians,field,Mumbai Indians
Royal Challengers Bangalore,Chennai Super Kings,Eden Gardens,Chennai Super Kings,bat,Chennai Super Kings
Royal Challengers Bangalore,Rajasthan Royals,M. Chinnaswamy Stadium,Rajasthan Royals,bat,Rajasthan Royals
Kolkata Knight Riders,Royal Challengers Bangalore,Eden Gardens,Royal Challengers Bangalore,bat,Royal Challengers Bangalore
Delhi Capitals,Chennai Super Kings,Chidambaram Stadium,Delhi Capitals,field,Delhi Capitals
Mumbai Indians,Rajasthan Royals,Chidambaram Stadium,Mumbai Indians,bat,Rajasthan Royals
Kolkata Knight Riders,Sunrisers Hyderabad,M. Chinnaswamy Stadium,Sunrisers Hyderabad,bat,Sunrisers Hyderabad
Punjab Kings,Delhi Capitals,Wankhede Stadium,Delhi Capitals,bat,Delhi Capitals
Chennai Super Kings,Punjab Kings,Feroz Shah Kotla,Punjab Kings,field,Punjab Kings
Rajasthan Royals,Kolkata Knight Riders,M. Chinnaswamy Stadium,Kolkata Knight Riders,field,Kolkata Knight Riders
Sunrisers Hyderabad,Punjab Kings,Eden Gardens,Punjab Kings,bat,Sunrisers Hyderabad
Chennai Super Kings,Royal Challengers Bangalore,Feroz Shah Kotla,Royal Challengers Bangalore,bat,Royal Challengers Bangalore
Sunrisers Hyderabad,Chennai Super Kings,Feroz Shah Kotla,Chennai Super Kings,field,Sunrisers Hyderabad
Punjab Kings,Rajasthan Royals,M. Chinnaswamy Stadium,Rajasthan Royals,bat,Rajasthan Royals
Royal Challengers Bangalore,Chennai Super Kings,Chidambaram Stadium,Royal Challengers Bangalore,bat,Chennai Super Kings
Chennai Super Kings,Royal Challengers Bangalore,Wankhede Stadium,Royal Challengers Bangalore,bat,Chennai Super Kings
Mumbai Indians,Chennai Super Kings,Chidambaram Stadium,Chennai Super Kings,bat,Mumbai Indians
Chennai Super Kings,Punjab Kings,Feroz Shah Kotla,Chennai Super Kings,field,Punjab Kings
Delhi Capitals,Royal Challengers Bangalore,M. Chinnaswamy Stadium,Delhi Capitals,field,Royal Challengers Bangalore
Mumbai Indians,Sunrisers Hyderabad,Chidambaram Stadium,Mumbai Indians,field,Sunrisers Hyderabad
Punjab Kings,Chennai Super Kings,Wankhede Stadium,Chennai Super Kings,field,Chennai Super Kings
Rajasthan Royals,Delhi Capitals,M. Chinnaswamy Stadium,Rajasthan Royals,bat,Rajasthan Royals
Sunrisers Hyderabad,Rajasthan Royals,Feroz Shah Kotla,Sunrisers Hyderabad,bat,Rajasthan Royals
Kolkata Knight Riders,Mumbai Indians,Wankhede Stadium,Mumbai Indians,field,Kolkata Knight Riders
Rajasthan Royals,Kolkata Knight Riders,Feroz Shah Kotla,Kolkata Knight Riders,bat,Kolkata Knight Riders
Chennai Super Kings,Sunrisers Hyderabad,Wankhede Stadium,Sunrisers Hyderabad,field,Chennai Super Kings
Rajasthan Royals,Delhi Capitals,M. Chinnaswamy Stadium,Delhi Capitals,bat,Rajasthan Royals
Punjab Kings,Kolkata Knight Riders,Wankhede Stadium,Kolkata Knight Riders,field,Kolkata Knight Riders
Kolkata Knight Riders,Chennai Super Kings,Feroz Shah Kotla,Kolkata Knight Riders,bat,Kolkata Knight Riders
Rajasthan Royals,Sunrisers Hyderabad,M. Chinnaswamy Stadium,Rajasthan Royals,bat,Sunrisers Hyderabad
Chennai Super Kings,Delhi Capitals,Wankhede Stadium,Chennai Super Kings,bat,Chennai Super Kings
Rajasthan Royals,Kolkata Knight Riders,M. Chinnaswamy Stadium,Rajasthan Royals,bat,Kolkata Knight Riders
Punjab Kings,Royal Challengers Bangalore,M. Chinnaswamy Stadium,Royal Challengers Bangalore,field,Punjab Kings
Rajasthan Royals,Sunrisers Hyderabad,Eden Gardens,Sunrisers Hyderabad,field,Rajasthan Royals
Chennai Super Kings,Rajasthan Royals,M. Chinnaswamy Stadium,Rajasthan Royals,field,Rajasthan Royals
Delhi Capitals,Mumbai Indians,Eden Gardens,Mumbai Indians,field,Delhi Capitals
Kolkata Knight Riders,Punjab Kings,Chidambaram Stadium,Punjab Kings,field,Punjab Kings
Kolkata Knight Riders,Chennai Super Kings,Wankhede Stadium,Kolkata Knight Riders,field,Kolkata Knight Riders
Sunrisers Hyderabad,Royal Challengers Bangalore,M. Chinnaswamy Stadium,Royal Challengers Bangalore,bat,Sunrisers Hyderabad
Kolkata Knight Riders,Chennai Super Kings,Eden Gardens,Kolkata Knight Riders,field,Kolkata Knight Riders
Kolkata Knight Riders,Rajasthan Royals,Wankhede Stadium,Kolkata Knight Riders,field,Rajasthan Royals
Delhi Capitals,Rajasthan Royals,Feroz Shah Kotla,Rajasthan Royals,field,Delhi Capitals
Mumbai Indians,Royal Challengers Bangalore,Chidambaram Stadium,Royal Challengers Bangalore,field,Mumbai Indians
Chennai Super Kings,Delhi Capitals,Feroz Shah Kotla,Chennai Super Kings,field,Delhi Capitals
Kolkata Knight Riders,Sunrisers Hyderabad,Eden Gardens,Sunrisers Hyderabad,bat,Kolkata Knight Riders
Rajasthan Royals,Kolkata Knight Riders,Wankhede Stadium,Kolkata Knight Riders,bat,Kolkata Knight Riders
Rajasthan Royals,Kolkata Knight Riders,Wankhede Stadium,Kolkata Knight Riders,bat,Rajasthan Royals
Sunrisers Hyderabad,Kolkata Knight Riders,Wankhede Stadium,Sunrisers Hyderabad,field,Sunrisers Hyderabad
Sunrisers Hyderabad,Chennai Super Kings,Eden Gardens,Sunrisers Hyderabad,bat,Sunrisers Hyderabad
Sunrisers Hyderabad,Kolkata Knight Riders,Wankhede Stadium,Kolkata Knight Riders,bat,Sunrisers Hyderabad
Delhi Capitals,Royal Challengers Bangalore,Chidambaram Stadium,Royal Challengers Bangalore,field,Royal Challengers Bangalore
Punjab Kings,Rajasthan Royals,Feroz Shah Kotla,Punjab Kings,field,Rajasthan Royals
Kolkata Knight Riders,Punjab Kings,Eden Gardens,Kolkata Knight Riders,bat,Punjab Kings
Mumbai Indians,Royal Challengers Bangalore,Eden Gardens,Mumbai Indians,bat,Royal Challengers Bangalore
Rajasthan Royals,Chennai Super Kings,Chidambaram Stadium,Rajasthan Royals,bat,Rajasthan Royals
Royal Challengers Bangalore,Sunrisers Hyderabad,Feroz Shah Kotla,Sunrisers Hyderabad,bat,Sunrisers Hyderabad
Kolkata Knight Riders,Mumbai Indians,Eden Gardens,Kolkata Knight Riders,bat,Kolkata Knight Riders
Chennai Super Kings,Delhi Capitals,Eden Gardens,Chennai Super Kings,bat,Delhi Capitals
Delhi Capitals,Kolkata Knight Riders,Chidambaram Stadium,Kolkata Knight Riders,field,Delhi Capitals
Royal Challengers Bangalore,Chennai Super Kings,Chidambaram Stadium,Chennai Super Kings,field,Royal Challengers Bangalore
Punjab Kings,Kolkata Knight Riders,Wankhede Stadium,Kolkata Knight Riders,bat,Kolkata Knight Riders
Sunrisers Hyderabad,Kolkata Knight Riders,Wankhede Stadium,Sunrisers Hyderabad,bat,Kolkata Knight Riders
Mumbai Indians,Rajasthan Royals,Chidambaram Stadium,Mumbai Indians,field,Rajasthan Royals
Kolkata Knight Riders,Chennai Super Kings,Chidambaram Stadium,Chennai Super Kings,bat,Kolkata Knight Riders
Delhi Capitals,Punjab Kings,Wankhede Stadium,Delhi Capitals,field,Punjab Kings
Royal Challengers Bangalore,Chennai Super Kings,Chidambaram Stadium,Royal Challengers Bangalore,bat,Royal Challengers Bangalore
Delhi Capitals,Rajasthan Royals,Eden Gardens,Rajasthan Royals,bat,Delhi Capitals
Rajasthan Royals,Mumbai Indians,M. Chinnaswamy Stadium,Rajasthan Royals,bat,Rajasthan Royals
Mumbai Indians,Sunrisers Hyderabad,Wankhede Stadium,Mumbai Indians,bat,Mumbai Indians
Mumbai Indians,Punjab Kings,Wankhede Stadium,Punjab Kings,field,Punjab Kings
Sunrisers Hyderabad,Rajasthan Royals,Chidambaram Stadium,Sunrisers Hyderabad,bat,Rajasthan Royals
Punjab Kings,Sunrisers Hyderabad,Wankhede Stadium,Sunrisers Hyderabad,bat,Punjab Kings
Kolkata Knight Riders,Mumbai Indians,Feroz Shah Kotla,Kolkata Knight Riders,bat,Kolkata Knight Riders
Kolkata Knight Riders,Rajasthan Royals,Feroz Shah Kotla,Rajasthan Royals,bat,Rajasthan Royals
Punjab Kings,Royal Challengers Bangalore,Eden Gardens,Punjab Kings,field,Royal Challengers Bangalore
Kolkata Knight Riders,Punjab Kings,Feroz Shah Kotla,Punjab Kings,field,Kolkata Knight Riders
Rajasthan Royals,Delhi Capitals,Wankhede Stadium,Delhi Capitals,field,Delhi Capitals
Punjab Kings,Delhi Capitals,Eden Gardens,Punjab Kings,bat,Punjab Kings
Kolkata Knight Riders,Sunrisers Hyderabad,Chidambaram Stadium,Kolkata Knight Riders,field,Sunrisers Hyderabad
Rajasthan Royals,Kolkata Knight Riders,Wankhede Stadium,Rajasthan Royals,bat,Rajasthan Royals
Delhi Capitals,Mumbai Indians,Eden Gardens,Mumbai Indians,field,Delhi Capitals
Delhi Capitals,Mumbai Indians,Wankhede Stadium,Mumbai Indians,field,Delhi Capitals
Chennai Super Kings,Punjab Kings,Eden Gardens,Chennai Super Kings,bat,Punjab Kings
Punjab Kings,Rajasthan Royals,Wankhede Stadium,Rajasthan Royals,field,Punjab Kings
Chennai Super Kings,Mumbai Indians,M. Chinnaswamy Stadium,Chennai Super Kings,bat,Mumbai Indians
Delhi Capitals,Mumbai Indians,Feroz Shah Kotla,Mumbai Indians,field,Delhi Capitals
Mumbai Indians,Sunrisers Hyderabad,Chidambaram Stadium,Sunrisers Hyderabad,bat,Sunrisers Hyderabad
Sunrisers Hyderabad,Royal Challengers Bangalore,Feroz Shah Kotla,Sunrisers Hyderabad,field,Royal Challengers Bangalore
Mumbai Indians,Chennai Super Kings,Wankhede Stadium,Chennai Super Kings,bat,Chennai Super Kings
Sunrisers Hyderabad,Kolkata Knight Riders,Eden Gardens,Sunrisers Hyderabad,bat,Kolkata Knight Riders
Sunrisers Hyderabad,Mumbai Indians,Wankhede Stadium,Sunrisers Hyderabad,field,Sunrisers Hyderabad
Punjab Kings,Chennai Super Kings,Feroz Shah Kotla,Punjab Kings,bat,Chennai Super Kings
Rajasthan Royals,Delhi Capitals,Chidambaram Stadium,Rajasthan Royals,field,Rajasthan Royals
Punjab Kings,Delhi Capitals,Wankhede Stadium,Punjab Kings,field,Delhi Capitals
Delhi Capitals,Chennai Super Kings,Chidambaram Stadium,Chennai Super Kings,field,Delhi Capitals
Royal Challengers Bangalore,Chennai Super Kings,Feroz Shah Kotla,Royal Challengers Bangalore,bat,Chennai Super Kings
Kolkata Knight Riders,Delhi Capitals,Eden Gardens,Delhi Capitals,bat,Delhi Capitals
Royal Challengers Bangalore,Chennai Super Kings,Eden Gardens,Chennai Super Kings,bat,Chennai Super Kings
Punjab Kings,Kolkata Knight Riders,Eden Gardens,Punjab Kings,field,Punjab Kings
Mumbai Indians,Kolkata Knight Riders,Chidambaram Stadium,Kolkata Knight Riders,bat,Mumbai Indians
Delhi Capitals,Royal Challengers Bangalore,Eden Gardens,Royal Challengers Bangalore,bat,Delhi Capitals
Chennai Super Kings,Kolkata Knight Riders,Eden Gardens,Chennai Super Kings,field,Chennai Super Kings
Rajasthan Royals,Sunrisers Hyderabad,M. Chinnaswamy Stadium,Sunrisers Hyderabad,bat,Rajasthan Royals
Delhi Capitals,Kolkata Knight Riders,M. Chinnaswamy Stadium,Delhi Capitals,field,Delhi Capitals
Punjab Kings,Delhi Capitals,Eden Gardens,Delhi Capitals,bat,Delhi Capitals
Punjab Kings,Chennai Super Kings,Wankhede Stadium,Chennai Super Kings,bat,Chennai Super Kings
Punjab Kings,Delhi Capitals,Eden Gardens,Delhi Capitals,bat,Delhi Capitals
Rajasthan Royals,Kolkata Knight Riders,Chidambaram Stadium,Rajasthan Royals,bat,Rajasthan Royals
Punjab Kings,Rajasthan Royals,M. Chinnaswamy Stadium,Punjab Kings,field,Punjab Kings
Sunrisers Hyderabad,Punjab Kings,Feroz Shah Kotla,Sunrisers Hyderabad,field,Punjab Kings
Sunrisers Hyderabad,Delhi Capitals,Chidambaram Stadium,Delhi Capitals,bat,Sunrisers Hyderabad
Punjab Kings,Rajasthan Royals,M. Chinnaswamy Stadium,Punjab Kings,bat,Punjab Kings
Kolkata Knight Riders,Royal Challengers Bangalore,Chidambaram Stadium,Royal Challengers Bangalore,field,Kolkata Knight Riders
Delhi Capitals,Punjab Kings,M. Chinnaswamy Stadium,Delhi Capitals,field,Delhi Capitals
Delhi Capitals,Chennai Super Kings,Chidambaram Stadium,Delhi Capitals,bat,Chennai Super Kings
Sunrisers Hyderabad,Kolkata Knight Riders,Eden Gardens,Sunrisers Hyderabad,field,Sunrisers Hyderabad
Kolkata Knight Riders,Punjab Kings,Chidambaram Stadium,Punjab Kings,bat,Kolkata Knight Riders
Kolkata Knight Riders,Chennai Super Kings,Chidambaram Stadium,Kolkata Knight Riders,bat,Kolkata Knight Riders
Mumbai Indians,Sunrisers Hyderabad,Chidambaram Stadium,Sunrisers Hyderabad,bat,Mumbai Indians
Delhi Capitals,Chennai Super Kings,Wankhede Stadium,Delhi Capitals,bat,Delhi Capitals
Chennai Super Kings,Punjab Kings,Wankhede Stadium,Punjab Kings,bat,Punjab Kings
Punjab Kings,Kolkata Knight Riders,Chidambaram Stadium,Kolkata Knight Riders,bat,Punjab Kings
Kolkata Knight Riders,Mumbai Indians,M. Chinnaswamy Stadium,Kolkata Knight Riders,bat,Kolkata Knight Riders
Mumbai Indians,Kolkata Knight Riders,Feroz Shah Kotla,Mumbai Indians,bat,Kolkata Knight Riders
Rajasthan Royals,Sunrisers Hyderabad,Eden Gardens,Rajasthan Royals,bat,Sunrisers Hyderabad
Royal Challengers Bangalore,Punjab Kings,Wankhede Stadium,Royal Challengers Bangalore,field,Royal Challengers Bangalore
Royal Challengers Bangalore,Mumbai Indians,Eden Gardens,Mumbai Indians,field,Mumbai Indians
Kolkata Knight Riders,Mumbai Indians,Feroz Shah Kotla,Kolkata Knight Riders,field,Kolkata Knight Riders
Chennai Super Kings,Sunrisers Hyderabad,Chidambaram Stadium,Sunrisers Hyderabad,bat,Chennai Super Kings
Punjab Kings,Royal Challengers Bangalore,M. Chinnaswamy Stadium,Royal Challengers Bangalore,field,Royal Challengers Bangalore
Delhi Capitals,Royal Challengers Bangalore,Wankhede Stadium,Delhi Capitals,bat,Delhi Capitals
Delhi Capitals,Rajasthan Royals,M. Chinnaswamy Stadium,Delhi Capitals,field,Rajasthan Royals
Rajasthan Royals,Kolkata Knight Riders,Wankhede Stadium,Rajasthan Royals,field,Kolkata Knight Riders
Sunrisers Hyderabad,Chennai Super Kings,Chidambaram Stadium,Sunrisers Hyderabad,field,Sunrisers Hyderabad
Kolkata Knight Riders,Delhi Capitals,M. Chinnaswamy Stadium,Delhi Capitals,bat,Kolkata Knight Riders
Rajasthan Royals,Delhi Capitals,Eden Gardens,Delhi Capitals,bat,Delhi Capitals
Sunrisers Hyderabad,Punjab Kings,M. Chinnaswamy Stadium,Punjab Kings,bat,Sunrisers Hyderabad
Delhi Capitals,Sunrisers Hyderabad,Eden Gardens,Delhi Capitals,field,Delhi Capitals
Sunrisers Hyderabad,Delhi Capitals,Wankhede Stadium,Sunrisers Hyderabad,bat,Sunrisers Hyderabad
Sunrisers Hyderabad,Rajasthan Royals,M. Chinnaswamy Stadium,Rajasthan Royals,field,Sunrisers Hyderabad
Royal Challengers Bangalore,Punjab Kings,M. Chinnaswamy Stadium,Royal Challengers Bangalore,field,Royal Challengers Bangalore
Delhi Capitals,Sunrisers Hyderabad,Eden Gardens,Sunrisers Hyderabad,field,Sunrisers Hyderabad
Chennai Super Kings,Kolkata Knight Riders,Wankhede Stadium,Chennai Super Kings,field,Kolkata Knight Riders
Chennai Super Kings,Rajasthan Royals,M. Chinnaswamy Stadium,Rajasthan Royals,bat,Chennai Super Kings
Rajasthan Royals,Mumbai Indians,Chidambaram Stadium,Mumbai Indians,field,Mumbai Indians
Royal Challengers Bangalore,Sunrisers Hyderabad,Eden Gardens,Royal Challengers Bangalore,bat,Royal Challengers Bangalore
Delhi Capitals,Royal Challengers Bangalore,Eden Gardens,Royal Challengers Bangalore,bat,Royal Challengers Bangalore
Rajasthan Royals,Punjab Kings,M. Chinnaswamy Stadium,Punjab Kings,field,Punjab Kings
Rajasthan Royals,Delhi Capitals,Wankhede Stadium,Delhi Capitals,field,Rajasthan Royals
Mumbai Indians,Punjab Kings,M. Chinnaswamy Stadium,Punjab Kings,field,Mumbai Indians
Chennai Super Kings,Delhi Capitals,Wankhede Stadium,Delhi Capitals,bat,Chennai Super Kings
Mumbai Indians,Kolkata Knight Riders,Chidambaram Stadium,Mumbai Indians,field,Mumbai Indians
Kolkata Knight Riders,Chennai Super Kings,Chidambaram Stadium,Kolkata Knight Riders,field,Chennai Super Kings
Kolkata Knight Riders,Rajasthan Royals,Feroz Shah Kotla,Kolkata Knight Riders,bat,Kolkata Knight Riders
Sunrisers Hyderabad,Mumbai Indians,M. Chinnaswamy Stadium,Sunrisers Hyderabad,bat,Sunrisers Hyderabad
Sunrisers Hyderabad,Rajasthan Royals,Wankhede Stadium,Sunrisers Hyderabad,field,Rajasthan Royals
Rajasthan Royals,Mumbai Indians,Wankhede Stadium,Rajasthan Royals,bat,Mumbai Indians
Rajasthan Royals,Mumbai Indians,M. Chinnaswamy Stadium,Mumbai Indians,field,Rajasthan Royals
Rajasthan Royals,Mumbai Indians,Wankhede Stadium,Mumbai Indians,field,Rajasthan Royals
Royal Challengers Bangalore,Chennai Super Kings,Wankhede Stadium,Chennai Super Kings,bat,Chennai Super Kings
Mumbai Indians,Punjab Kings,M. Chinnaswamy Stadium,Mumbai Indians,field,Mumbai Indians
Sunrisers Hyderabad,Rajasthan Royals,Feroz Shah Kotla,Rajasthan Royals,bat,Rajasthan Royals
Sunrisers Hyderabad,Chennai Super Kings,Feroz Shah Kotla,Chennai Super Kings,bat,Chennai Super Kings
Delhi Capitals,Royal Challengers Bangalore,Wankhede Stadium,Delhi Capitals,field,Delhi Capitals
Mumbai Indians,Sunrisers Hyderabad,Chidambaram Stadium,Sunrisers Hyderabad,bat,Sunrisers Hyderabad
Punjab Kings,Rajasthan Royals,Eden Gardens,Punjab Kings,field,Punjab Kings
Punjab Kings,Royal Challengers Bangalore,Feroz Shah Kotla,Royal Challengers Bangalore,bat,Punjab Kings
Mumbai Indians,Delhi Capitals,Chidambaram Stadium,Mumbai Indians,bat,Mumbai Indians
Punjab Kings,Rajasthan Royals,Feroz Shah Kotla,Punjab Kings,bat,Punjab Kings
Sunrisers Hyderabad,Delhi Capitals,M. Chinnaswamy Stadium,Sunrisers Hyderabad,field,Sunrisers Hyderabad
Punjab Kings,Mumbai Indians,Wankhede Stadium,Punjab Kings,bat,Mumbai Indians
Delhi Capitals,Kolkata Knight Riders,Wankhede Stadium,Delhi Capitals,field,Delhi Capitals
Royal Challengers Bangalore,Punjab Kings,Feroz Shah Kotla,Punjab Kings,field,Punjab Kings
Rajasthan Royals,Sunrisers Hyderabad,Chidambaram Stadium,Rajasthan Royals,field,Sunrisers Hyderabad
Mumbai Indians,Rajasthan Royals,Eden Gardens,Mumbai Indians,field,Rajasthan Royals
Sunrisers Hyderabad,Delhi Capitals,Wankhede Stadium,Sunrisers Hyderabad,field,Delhi Capitals
Mumbai Indians,Royal Challengers Bangalore,M. Chinnaswamy Stadium,Mumbai Indians,field,Mumbai Indians
Rajasthan Royals,Chennai Super Kings,Wankhede Stadium,Chennai Super Kings,field,Rajasthan Royals
Punjab Kings,Kolkata Knight Riders,M. Chinnaswamy Stadium,Punjab Kings,bat,Punjab Kings
Chennai Super Kings,Mumbai Indians,Eden Gardens,Mumbai Indians,bat,Mumbai Indians
Royal Challengers Bangalore,Mumbai Indians,Wankhede Stadium,Royal Challengers Bangalore,field,Mumbai Indians
Rajasthan Royals,Punjab Kings,Feroz Shah Kotla,Rajasthan Royals,bat,Rajasthan Royals
Royal Challengers Bangalore,Chennai Super Kings,Feroz Shah Kotla,Chennai Super Kings,field,Royal Challengers Bangalore
Punjab Kings,Rajasthan Royals,Chidambaram Stadium,Punjab Kings,bat,Punjab Kings
Delhi Capitals,Sunrisers Hyderabad,M. Chinnaswamy Stadium,Delhi Capitals,bat,Delhi Capitals
Delhi Capitals,Rajasthan Royals,Eden Gardens,Delhi Capitals,field,Rajasthan Royals
Delhi Capitals,Sunrisers Hyderabad,Eden Gardens,Sunrisers Hyderabad,bat,Sunrisers Hyderabad
Mumbai Indians,Royal Challengers Bangalore,Feroz Shah Kotla,Mumbai Indians,field,Royal Challengers Bangalore
Kolkata Knight Riders,Sunrisers Hyderabad,Chidambaram Stadium,Kolkata Knight Riders,bat,Kolkata Knight Riders
Sunrisers Hyderabad,Kolkata Knight Riders,Wankhede Stadium,Kolkata Knight Riders,bat,Kolkata Knight Riders
Chennai Super Kings,Sunrisers Hyderabad,M. Chinnaswamy Stadium,Sunrisers Hyderabad,bat,Chennai Super Kings
Royal Challengers Bangalore,Mumbai Indians,Wankhede Stadium,Royal Challengers Bangalore,bat,Royal Challengers Bangalore
Chennai Super Kings,Kolkata Knight Riders,Eden Gardens,Kolkata Knight Riders,field,Chennai Super Kings
Mumbai Indians,Rajasthan Royals,M. Chinnaswamy Stadium,Mumbai Indians,bat,Mumbai Indians
Chennai Super Kings,Kolkata Knight Riders,Feroz Shah Kotla,Kolkata Knight Riders,bat,Chennai Super Kings
Chennai Super Kings,Sunrisers Hyderabad,Wankhede Stadium,Chennai Super Kings,field,Sunrisers Hyderabad
Delhi Capitals,Mumbai Indians,Eden Gardens,Delhi Capitals,field,Mumbai Indians
Royal Challengers Bangalore,Sunrisers Hyderabad,Wankhede Stadium,Sunrisers Hyderabad,bat,Sunrisers Hyderabad
Mumbai Indians,Chennai Super Kings,Chidambaram Stadium,Chennai Super Kings,bat,Mumbai Indians
Chennai Super Kings,Mumbai Indians,Feroz Shah Kotla,Chennai Super Kings,bat,Chennai Super Kings
Delhi Capitals,Mumbai Indians,Feroz Shah Kotla,Mumbai Indians,bat,Mumbai Indians
Mumbai Indians,Punjab Kings,Chidambaram Stadium,Punjab Kings,bat,Mumbai Indians
Delhi Capitals,Sunrisers Hyderabad,Chidambaram Stadium,Delhi Capitals,bat,Delhi Capitals
Kolkata Knight Riders,Royal Challengers Bangalore,Feroz Shah Kotla,Royal Challengers Bangalore,field,Royal Challengers Bangalore
Royal Challengers Bangalore,Chennai Super Kings,Eden Gardens,Royal Challengers Bangalore,bat,Chennai Super Kings
Royal Challengers Bangalore,Sunrisers Hyderabad,Chidambaram Stadium,Sunrisers Hyderabad,field,Royal Challengers Bangalore
Kolkata Knight Riders,Punjab Kings,Chidambaram Stadium,Punjab Kings,bat,Punjab Kings
Rajasthan Royals,Punjab Kings,Chidambaram Stadium,Rajasthan Royals,bat,Punjab Kings
Punjab Kings,Delhi Capitals,M. Chinnaswamy Stadium,Punjab Kings,field,Delhi Capitals
Mumbai Indians,Chennai Super Kings,Wankhede Stadium,Chennai Super Kings,bat,Mumbai Indians
Rajasthan Royals,Sunrisers Hyderabad,M. Chinnaswamy Stadium,Sunrisers Hyderabad,bat,Sunrisers Hyderabad
Sunrisers Hyderabad,Chennai Super Kings,Feroz Shah Kotla,Chennai Super Kings,bat,Chennai Super Kings
Kolkata Knight Riders,Royal Challengers Bangalore,Feroz Shah Kotla,Kolkata Knight Riders,bat,Royal Challengers Bangalore
Chennai Super Kings,Kolkata Knight Riders,Feroz Shah Kotla,Kolkata Knight Riders,field,Chennai Super Kings
Mumbai Indians,Punjab Kings,M. Chinnaswamy Stadium,Punjab Kings,bat,Punjab Kings
Punjab Kings,Royal Challengers Bangalore,Chidambaram Stadium,Punjab Kings,field,Royal Challengers Bangalore
Rajasthan Royals,Royal Challengers Bangalore,M. Chinnaswamy Stadium,Rajasthan Royals,bat,Rajasthan Royals
Kolkata Knight Riders,Punjab Kings,Feroz Shah Kotla,Punjab Kings,field,Kolkata Knight Riders
Sunrisers Hyderabad,Mumbai Indians,Feroz Shah Kotla,Mumbai Indians,field,Mumbai Indians
Sunrisers Hyderabad,Royal Challengers Bangalore,Chidambaram Stadium,Royal Challengers Bangalore,bat,Royal Challengers Bangalore
Royal Challengers Bangalore,Sunrisers Hyderabad,Feroz Shah Kotla,Royal Challengers Bangalore,bat,Sunrisers Hyderabad
Kolkata Knight Riders,Delhi Capitals,Wankhede Stadium,Kolkata Knight Riders,bat,Kolkata Knight Riders
Mumbai Indians,Rajasthan Royals,Eden Gardens,Rajasthan Royals,bat,Mumbai Indians
Punjab Kings,Mumbai Indians,Chidambaram Stadium,Mumbai Indians,field,Punjab Kings
Mumbai Indians,Sunrisers Hyderabad,Wankhede Stadium,Mumbai Indians,bat,Mumbai Indians
Mumbai Indians,Rajasthan Royals,Chidambaram Stadium,Rajasthan Royals,field,Mumbai Indians
Delhi Capitals,Punjab Kings,Wankhede Stadium,Punjab Kings,field,Punjab Kings
Punjab Kings,Chennai Super Kings,Wankhede Stadium,Punjab Kings,bat,Chennai Super Kings
Sunrisers Hyderabad,Delhi Capitals,M. Chinnaswamy Stadium,Delhi Capitals,field,Delhi Capitals
Royal Challengers Bangalore,Delhi Capitals,M. Chinnaswamy Stadium,Royal Challengers Bangalore,field,Delhi Capitals
Punjab Kings,Chennai Super Kings,Chidambaram Stadium,Punjab Kings,field,Chennai Super Kings
Sunrisers Hyderabad,Delhi Capitals,Eden Gardens,Sunrisers Hyderabad,bat,Delhi Capitals
Rajasthan Royals,Chennai Super Kings,Wankhede Stadium,Rajasthan Royals,bat,Chennai Super Kings
Royal Challengers Bangalore,Mumbai Indians,Chidambaram Stadium,Royal Challengers Bangalore,bat,Mumbai Indians
Mumbai Indians,Chennai Super Kings,M. Chinnaswamy Stadium,Mumbai Indians,field,Mumbai Indians
Kolkata Knight Riders,Rajasthan Royals,M. Chinnaswamy Stadium,Rajasthan Royals,bat,Rajasthan Royals
Royal Challengers Bangalore,Chennai Super Kings,Chidambaram Stadium,Royal Challengers Bangalore,bat,Royal Challengers Bangalore
Punjab Kings,Delhi Capitals,Feroz Shah Kotla,Punjab Kings,bat,Punjab Kings
Mumbai Indians,Royal Challengers Bangalore,Feroz Shah Kotla,Royal Challengers Bangalore,field,Mumbai Indians
Royal Challengers Bangalore,Punjab Kings,Chidambaram Stadium,Royal Challengers Bangalore,bat,Royal Challengers Bangalore
Kolkata Knight Riders,Royal Challengers Bangalore,M. Chinnaswamy Stadium,Kolkata Knight Riders,field,Royal Challengers Bangalore
Mumbai Indians,Punjab Kings,Eden Gardens,Punjab Kings,field,Mumbai Indians
Delhi Capitals,Chennai Super Kings,Feroz Shah Kotla,Delhi Capitals,bat,Delhi Capitals
Chennai Super Kings,Sunrisers Hyderabad,Eden Gardens,Sunrisers Hyderabad,bat,Chennai Super Kings
Delhi Capitals,Mumbai Indians,Eden Gardens,Mumbai Indians,bat,Delhi Capitals
Mumbai Indians,Kolkata Knight Riders,Feroz Shah Kotla,Mumbai Indians,bat,Kolkata Knight Riders
Kolkata Knight Riders,Delhi Capitals,Wankhede Stadium,Delhi Capitals,field,Delhi Capitals
Rajasthan Royals,Kolkata Knight Riders,Chidambaram Stadium,Kolkata Knight Riders,bat,Kolkata Knight Riders
Punjab Kings,Delhi Capitals,Feroz Shah Kotla,Delhi Capitals,bat,Delhi Capitals
Kolkata Knight Riders,Delhi Capitals,Feroz Shah Kotla,Delhi Capitals,bat,Delhi Capitals
Rajasthan Royals,Chennai Super Kings,Wankhede Stadium,Chennai Super Kings,bat,Rajasthan Royals
Rajasthan Royals,Punjab Kings,M. Chinnaswamy Stadium,Rajasthan Royals,field,Rajasthan Royals
Mumbai Indians,Chennai Super Kings,Eden Gardens,Mumbai Indians,field,Chennai Super Kings
Sunrisers Hyderabad,Royal Challengers Bangalore,Feroz Shah Kotla,Sunrisers Hyderabad,field,Sunrisers Hyderabad
Delhi Capitals,Mumbai Indians,M. Chinnaswamy Stadium,Delhi Capitals,field,Delhi Capitals
Mumbai Indians,Kolkata Knight Riders,Wankhede Stadium,Kolkata Knight Riders,bat,Mumbai Indians
Delhi Capitals,Royal Challengers Bangalore,Wankhede Stadium,Royal Challengers Bangalore,field,Delhi Capitals
Rajasthan Royals,Kolkata Knight Riders,Eden Gardens,Rajasthan Royals,field,Rajasthan Royals
Delhi Capitals,Royal Challengers Bangalore,Chidambaram Stadium,Royal Challengers Bangalore,field,Royal Challengers Bangalore
Kolkata Knight Riders,Royal Challengers Bangalore,Feroz Shah Kotla,Kolkata Knight Riders,field,Kolkata Knight Riders
Kolkata Knight Riders,Rajasthan Royals,M. Chinnaswamy Stadium,Rajasthan Royals,field,Rajasthan Royals
Sunrisers Hyderabad,Kolkata Knight Riders,M. Chinnaswamy Stadium,Kolkata Knight Riders,field,Kolkata Knight Riders
Chennai Super Kings,Royal Challengers Bangalore,Feroz Shah Kotla,Chennai Super Kings,field,Chennai Super Kings
Mumbai Indians,Royal Challengers Bangalore,Chidambaram Stadium,Royal Challengers Bangalore,field,Mumbai Indians
Delhi Capitals,Chennai Super Kings,Eden Gardens,Chennai Super Kings,field,Delhi Capitals
Mumbai Indians,Sunrisers Hyderabad,M. Chinnaswamy Stadium,Sunrisers Hyderabad,field,Mumbai Indians
Rajasthan Royals,Kolkata Knight Riders,Feroz Shah Kotla,Rajasthan Royals,bat,Rajasthan Royals
Royal Challengers Bangalore,Chennai Super Kings,Feroz Shah Kotla,Chennai Super Kings,field,Royal Challengers Bangalore
Chennai Super Kings,Mumbai Indians,Chidambaram Stadium,Mumbai Indians,bat,Chennai Super Kings
Sunrisers Hyderabad,Punjab Kings,Wankhede Stadium,Punjab Kings,field,Punjab Kings
Chennai Super Kings,Kolkata Knight Riders,Eden Gardens,Kolkata Knight Riders,bat,Kolkata Knight Riders
Sunrisers Hyderabad,Punjab Kings,Wankhede Stadium,Sunrisers Hyderabad,field,Punjab Kings
Royal Challengers Bangalore,Mumbai Indians,Chidambaram Stadium,Royal Challengers Bangalore,bat,Mumbai Indians
Rajasthan Royals,Royal Challengers Bangalore,Feroz Shah Kotla,Royal Challengers Bangalore,bat,Rajasthan Royals
Sunrisers Hyderabad,Royal Challengers Bangalore,Feroz Shah Kotla,Sunrisers Hyderabad,bat,Sunrisers Hyderabad
Royal Challengers Bangalore,Rajasthan Royals,Feroz Shah Kotla,Royal Challengers Bangalore,bat,Rajasthan Royals
Delhi Capitals,Mumbai Indians,M. Chinnaswamy Stadium,Mumbai Indians,field,Delhi Capitals
Mumbai Indians,Rajasthan Royals,M. Chinnaswamy Stadium,Rajasthan Royals,field,Rajasthan Royals
Royal Challengers Bangalore,Kolkata Knight Riders,M. Chinnaswamy Stadium,Royal Challengers Bangalore,bat,Kolkata Knight Riders
Punjab Kings,Chennai Super Kings,Feroz Shah Kotla,Punjab Kings,bat,Punjab Kings
Delhi Capitals,Punjab Kings,Wankhede Stadium,Delhi Capitals,field,Delhi Capitals
Punjab Kings,Delhi Capitals,Wankhede Stadium,Punjab Kings,field,Delhi Capitals
Kolkata Knight Riders,Royal Challengers Bangalore,Chidambaram Stadium,Royal Challengers Bangalore,field,Kolkata Knight Riders
Kolkata Knight Riders,Delhi Capitals,Feroz Shah Kotla,Delhi Capitals,bat,Delhi Capitals
Rajasthan Royals,Mumbai Indians,Wankhede Stadium,Mumbai Indians,field,Rajasthan Royals
Royal Challengers Bangalore,Mumbai Indians,M. Chinnaswamy Stadium,Royal Challengers Bangalore,field,Mumbai Indians
Punjab Kings,Sunrisers Hyderabad,Chidambaram Stadium,Punjab Kings,bat,Sunrisers Hyderabad
Rajasthan Royals,Sunrisers Hyderabad,Eden Gardens,Sunrisers Hyderabad,bat,Sunrisers Hyderabad
Rajasthan Royals,Punjab Kings,Eden Gardens,Rajasthan Royals,field,Punjab Kings
Punjab Kings,Royal Challengers Bangalore,Wankhede Stadium,Punjab Kings,bat,Royal Challengers Bangalore
Mumbai Indians,Royal Challengers Bangalore,Chidambaram Stadium,Mumbai Indians,field,Mumbai Indians
Kolkata Knight Riders,Mumbai Indians,Feroz Shah Kotla,Kolkata Knight Riders,bat,Mumbai Indians
Delhi Capitals,Sunrisers Hyderabad,Eden Gardens,Sunrisers Hyderabad,bat,Sunrisers Hyderabad
Chennai Super Kings,Kolkata Knight Riders,M. Chinnaswamy Stadium,Kolkata Knight Riders,field,Kolkata Knight Riders
Sunrisers Hyderabad,Rajasthan Royals,Wankhede Stadium,Rajasthan Royals,bat,Rajasthan Royals
Kolkata Knight Riders,Sunrisers Hyderabad,M. Chinnaswamy Stadium,Kolkata Knight Riders,field,Sunrisers Hyderabad
Punjab Kings,Sunrisers Hyderabad,Chidambaram Stadium,Punjab Kings,field,Sunrisers Hyderabad
Punjab Kings,Sunrisers Hyderabad,M. Chinnaswamy Stadium,Sunrisers Hyderabad,field,Sunrisers Hyderabad
Punjab Kings,Sunrisers Hyderabad,Eden Gardens,Punjab Kings,field,Sunrisers Hyderabad
Kolkata Knight Riders,Chennai Super Kings,Eden Gardens,Kolkata Knight Riders,bat,Chennai Super Kings
Delhi Capitals,Mumbai Indians,Wankhede Stadium,Mumbai Indians,field,Delhi Capitals
Rajasthan Royals,Delhi Capitals,M. Chinnaswamy Stadium,Rajasthan Royals,bat,Rajasthan Royals
Chennai Super Kings,Royal Challengers Bangalore,Wankhede Stadium,Chennai Super Kings,field,Chennai Super Kings
Kolkata Knight Riders,Rajasthan Royals,Eden Gardens,Kolkata Knight Riders,field,Rajasthan Royals
Royal Challengers Bangalore,Rajasthan Royals,Eden Gardens,Rajasthan Royals,bat,Rajasthan Royals
Rajasthan Royals,Punjab Kings,Wankhede Stadium,Rajasthan Royals,field,Rajasthan Royals
Sunrisers Hyderabad,Delhi Capitals,Wankhede Stadium,Sunrisers Hyderabad,field,Sunrisers Hyderabad
Delhi Capitals,Punjab Kings,M. Chinnaswamy Stadium,Punjab Kings,field,Delhi Capitals
Royal Challengers Bangalore,Rajasthan Royals,M. Chinnaswamy Stadium,Royal Challengers Bangalore,bat,Royal Challengers Bangalore
Rajasthan Royals,Sunrisers Hyderabad,M. Chinnaswamy Stadium,Sunrisers Hyderabad,field,Rajasthan Royals
Delhi Capitals,Royal Challengers Bangalore,Eden Gardens,Delhi Capitals,field,Royal Challengers Bangalore
Punjab Kings,Royal Challengers Bangalore,Feroz Shah Kotla,Punjab Kings,bat,Punjab Kings
Sunrisers Hyderabad,Chennai Super Kings,Wankhede Stadium,Chennai Super Kings,bat,Sunrisers Hyderabad
Rajasthan Royals,Mumbai Indians,Wankhede Stadium,Rajasthan Royals,field,Mumbai Indians
Kolkata Knight Riders,Sunrisers Hyderabad,Eden Gardens,Sunrisers Hyderabad,bat,Kolkata Knight Riders
Rajasthan Royals,Chennai Super Kings,Feroz Shah Kotla,Chennai Super Kings,field,Chennai Super Kings
Rajasthan Royals,Chennai Super Kings,Wankhede Stadium,Chennai Super Kings,bat,Rajasthan Royals
Mumbai Indians,Sunrisers Hyderabad,Chidambaram Stadium,Mumbai Indians,bat,Mumbai Indians
Punjab Kings,Chennai Super Kings,Wankhede Stadium,Punjab Kings,bat,Chennai Super Kings
Rajasthan Royals,Chennai Super Kings,M. Chinnaswamy Stadium,Rajasthan Royals,bat,Chennai Super Kings
Sunrisers Hyderabad,Punjab Kings,Wankhede Stadium,Sunrisers Hyderabad,field,Sunrisers Hyderabad
Delhi Capitals,Chennai Super Kings,Eden Gardens,Delhi Capitals,bat,Delhi Capitals
Chennai Super Kings,Sunrisers Hyderabad,M. Chinnaswamy Stadium,Sunrisers Hyderabad,bat,Sunrisers Hyderabad
Royal Challengers Bangalore,Sunrisers Hyderabad,Wankhede Stadium,Royal Challengers Bangalore,field,Royal Challengers Bangalore
Punjab Kings,Royal Challengers Bangalore,Feroz Shah Kotla,Royal Challengers Bangalore,bat,Punjab Kings
Sunrisers Hyderabad,Punjab Kings,Feroz Shah Kotla,Punjab Kings,bat,Sunrisers Hyderabad
Kolkata Knight Riders,Royal Challengers Bangalore,Eden Gardens,Kolkata Knight Riders,bat,Royal Challengers Bangalore
Kolkata Knight Riders,Sunrisers Hyderabad,Eden Gardens,Sunrisers Hyderabad,field,Kolkata Knight Riders
Mumbai Indians,Delhi Capitals,Chidambaram Stadium,Mumbai Indians,bat,Delhi Capitals
Chennai Super Kings,Punjab Kings,Chidambaram Stadium,Chennai Super Kings,bat,Punjab Kings
Royal Challengers Bangalore,Kolkata Knight Riders,Eden Gardens,Kolkata Knight Riders,field,Royal Challengers Bangalore
Delhi Capitals,Royal Challengers Bangalore,Feroz Shah Kotla,Royal Challengers Bangalore,field,Royal Challengers Bangalore
Chennai Super Kings,Rajasthan Royals,Eden Gardens,Rajasthan Royals,field,Rajasthan Royals
Punjab Kings,Chennai Super Kings,Chidambaram Stadium,Chennai Super Kings,field,Punjab Kings
Punjab Kings,Chennai Super Kings,Eden Gardens,Punjab Kings,field,Chennai Super Kings
Punjab Kings,Mumbai Indians,Eden Gardens,Punjab Kings,bat,Mumbai Indians
Royal Challengers Bangalore,Mumbai Indians,Feroz Shah Kotla,Royal Challengers Bangalore,bat,Mumbai Indians
Kolkata Knight Riders,Chennai Super Kings,Chidambaram Stadium,Kolkata Knight Riders,field,Chennai Super Kings
Rajasthan Royals,Mumbai Indians,M. Chinnaswamy Stadium,Rajasthan Royals,bat,Mumbai Indians
Kolkata Knight Riders,Royal Challengers Bangalore,M. Chinnaswamy Stadium,Kolkata Knight Riders,bat,Royal Challengers Bangalore
Sunrisers Hyderabad,Royal Challengers Bangalore,Eden Gardens,Sunrisers Hyderabad,field,Royal Challengers Bangalore
Chennai Super Kings,Royal Challengers Bangalore,Wankhede Stadium,Chennai Super Kings,field,Chennai Super Kings
Mumbai Indians,Kolkata Knight Riders,M. Chinnaswamy Stadium,Mumbai Indians,field,Mumbai Indians
Chennai Super Kings,Mumbai Indians,Feroz Shah Kotla,Chennai Super Kings,bat,Mumbai Indians
Kolkata Knight Riders,Mumbai Indians,Feroz Shah Kotla,Kolkata Knight Riders,bat,Kolkata Knight Riders
Punjab Kings,Rajasthan Royals,M. Chinnaswamy Stadium,Punjab Kings,bat,Rajasthan Royals
Royal Challengers Bangalore,Delhi Capitals,Eden Gardens,Royal Challengers Bangalore,field,Royal Challengers Bangalore
Punjab Kings,Mumbai Indians,Feroz Shah Kotla,Punjab Kings,bat,Mumbai Indians
Royal Challengers Bangalore,Sunrisers Hyderabad,Eden Gardens,Royal Challengers Bangalore,field,Sunrisers Hyderabad
Royal Challengers Bangalore,Mumbai Indians,Wankhede Stadium,Mumbai Indians,field,Royal Challengers Bangalore
Kolkata Knight Riders,Rajasthan Royals,Eden Gardens,Kolkata Knight Riders,field,Kolkata Knight Riders
Punjab Kings,Rajasthan Royals,Wankhede Stadium,Rajasthan Royals,field,Punjab Kings
Chennai Super Kings,Rajasthan Royals,Eden Gardens,Chennai Super Kings,bat,Chennai Super Kings
Royal Challengers Bangalore,Mumbai Indians,Eden Gardens,Royal Challengers Bangalore,field,Mumbai Indians
Royal Challengers Bangalore,Sunrisers Hyderabad,Eden Gardens,Sunrisers Hyderabad,field,Royal Challengers Bangalore
Rajasthan Royals,Mumbai Indians,Eden Gardens,Rajasthan Royals,field,Rajasthan Royals
Royal Challengers Bangalore,Chennai Super Kings,Wankhede Stadium,Royal Challengers Bangalore,bat,Chennai Super Kings
Delhi Capitals,Punjab Kings,Feroz Shah Kotla,Punjab Kings,bat,Punjab Kings
Delhi Capitals,Chennai Super Kings,Chidambaram Stadium,Delhi Capitals,bat,Delhi Capitals
Rajasthan Royals,Kolkata Knight Riders,Feroz Shah Kotla,Kolkata Knight Riders,field,Kolkata Knight Riders
Delhi Capitals,Mumbai Indians,Feroz Shah Kotla,Mumbai Indians,bat,Delhi Capitals
Kolkata Knight Riders,Rajasthan Royals,M. Chinnaswamy Stadium,Kolkata Knight Riders,bat,Kolkata Knight Riders
Chennai Super Kings,Kolkata Knight Riders,Eden Gardens,Chennai Super Kings,bat,Kolkata Knight Riders
Punjab Kings,Royal Challengers Bangalore,Feroz Shah Kotla,Royal Challengers Bangalore,field,Royal Challengers Bangalore
Rajasthan Royals,Punjab Kings,Feroz Shah Kotla,Rajasthan Royals,bat,Rajasthan Royals
Royal Challengers Bangalore,Mumbai Indians,Eden Gardens,Royal Challengers Bangalore,field,Royal Challengers Bangalore
Kolkata Knight Riders,Royal Challengers Bangalore,Wankhede Stadium,Kolkata Knight Riders,field,Royal Challengers Bangalore
Royal Challengers Bangalore,Chennai Super Kings,M. Chinnaswamy Stadium,Chennai Super Kings,bat,Royal Challengers Bangalore
Rajasthan Royals,Kolkata Knight Riders,Feroz Shah Kotla,Kolkata Knight Riders,field,Rajasthan Royals
Kolkata Knight Riders,Sunrisers Hyderabad,Wankhede Stadium,Sunrisers Hyderabad,bat,Sunrisers Hyderabad
Delhi Capitals,Chennai Super Kings,M. Chinnaswamy Stadium,Delhi Capitals,bat,Delhi Capitals
Chennai Super Kings,Delhi Capitals,Wankhede Stadium,Chennai Super Kings,field,Chennai Super Kings
Punjab Kings,Delhi Capitals,Feroz Shah Kotla,Delhi Capitals,bat,Punjab Kings
Rajasthan Royals,Punjab Kings,Wankhede Stadium,Rajasthan Royals,field,Rajasthan Royals
Royal Challengers Bangalore,Sunrisers Hyderabad,Wankhede Stadium,Sunrisers Hyderabad,bat,Royal Challengers Bangalore
Sunrisers Hyderabad,Delhi Capitals,Chidambaram Stadium,Sunrisers Hyderabad,field,Delhi Capitals
Mumbai Indians,Royal Challengers Bangalore,Wankhede Stadium,Royal Challengers Bangalore,bat,Royal Challengers Bangalore
Kolkata Knight Riders,Sunrisers Hyderabad,Chidambaram Stadium,Kolkata Knight Riders,field,Kolkata Knight Riders
Kolkata Knight Riders,Royal Challengers Bangalore,Chidambaram Stadium,Royal Challengers Bangalore,bat,Royal Challengers Bangalore
Rajasthan Royals,Sunrisers Hyderabad,Wankhede Stadium,Sunrisers Hyderabad,field,Sunrisers Hyderabad
Sunrisers Hyderabad,Delhi Capitals,Chidambaram Stadium,Delhi Capitals,bat,Delhi Capitals
Delhi Capitals,Rajasthan Royals,M. Chinnaswamy Stadium,Rajasthan Royals,bat,Delhi Capitals
Sunrisers Hyderabad,Kolkata Knight Riders,M. Chinnaswamy Stadium,Sunrisers Hyderabad,bat,Sunrisers Hyderabad
Delhi Capitals,Rajasthan Royals,Feroz Shah Kotla,Delhi Capitals,bat,Rajasthan Royals
Chennai Super Kings,Rajasthan Royals,Wankhede Stadium,Rajasthan Royals,field,Chennai Super Kings
Chennai Super Kings,Rajasthan Royals,Chidambaram Stadium,Rajasthan Royals,field,Chennai Super Kings
Mumbai Indians,Royal Challengers Bangalore,Wankhede Stadium,Mumbai Indians,bat,Royal Challengers Bangalore
Sunrisers Hyderabad,Mumbai Indians,Wankhede Stadium,Sunrisers Hyderabad,field,Mumbai Indians
Royal Challengers Bangalore,Kolkata Knight Riders,M. Chinnaswamy Stadium,Royal Challengers Bangalore,bat,Royal Challengers Bangalore
Chennai Super Kings,Delhi Capitals,Feroz Shah Kotla,Delhi Capitals,field,Delhi Capitals
Royal Challengers Bangalore,Punjab Kings,M. Chinnaswamy Stadium,Punjab Kings,field,Royal Challengers Bangalore
Sunrisers Hyderabad,Kolkata Knight Riders,M. Chinnaswamy Stadium,Kolkata Knight Riders,bat,Kolkata Knight Riders
Mumbai Indians,Royal Challengers Bangalore,M. Chinnaswamy Stadium,Mumbai Indians,field,Mumbai Indians
Sunrisers Hyderabad,Chennai Super Kings,Wankhede Stadium,Sunrisers Hyderabad,field,Sunrisers Hyderabad
Delhi Capitals,Mumbai Indians,Feroz Shah Kotla,Delhi Capitals,field,Mumbai Indians
Delhi Capitals,Rajasthan Royals,Wankhede Stadium,Rajasthan Royals,bat,Delhi Capitals
Mumbai Indians,Royal Challengers Bangalore,Feroz Shah Kotla,Mumbai Indians,bat,Mumbai Indians
Kolkata Knight Riders,Sunrisers Hyderabad,Chidambaram Stadium,Sunrisers Hyderabad,bat,Sunrisers Hyderabad
Punjab Kings,Mumbai Indians,Eden Gardens,Punjab Kings,bat,Punjab Kings
Punjab Kings,Royal Challengers Bangalore,Chidambaram Stadium,Royal Challengers Bangalore,bat,Royal Challengers Bangalore
Sunrisers Hyderabad,Rajasthan Royals,Chidambaram Stadium,Sunrisers Hyderabad,field,Rajasthan Royals
Chennai Super Kings,Sunrisers Hyderabad,Feroz Shah Kotla,Chennai Super Kings,bat,Sunrisers Hyderabad
Punjab Kings,Sunrisers Hyderabad,Wankhede Stadium,Punjab Kings,bat,Punjab Kings
Delhi Capitals,Mumbai Indians,Wankhede Stadium,Delhi Capitals,bat,Mumbai Indians
Royal Challengers Bangalore,Punjab Kings,M. Chinnaswamy Stadium,Royal Challengers Bangalore,field,Punjab Kings
Royal Challengers Bangalore,Kolkata Knight Riders,Feroz Shah Kotla,Royal Challengers Bangalore,field,Royal Challengers Bangalore
Kolkata Knight Riders,Punjab Kings,Chidambaram Stadium,Punjab Kings,bat,Kolkata Knight Riders
Chennai Super Kings,Mumbai Indians,Eden Gardens,Mumbai Indians,field,Chennai Super Kings
Sunrisers Hyderabad,Punjab Kings,Feroz Shah Kotla,Sunrisers Hyderabad,field,Punjab Kings
Royal Challengers Bangalore,Punjab Kings,Eden Gardens,Punjab Kings,bat,Punjab Kings
Rajasthan Royals,Sunrisers Hyderabad,Eden Gardens,Rajasthan Royals,bat,Rajasthan Royals
Punjab Kings,Delhi Capitals,Chidambaram Stadium,Delhi Capitals,bat,Delhi Capitals
Chennai Super Kings,Delhi Capitals,M. Chinnaswamy Stadium,Delhi Capitals,bat,Chennai Super Kings
Delhi Capitals,Royal Challengers Bangalore,M. Chinnaswamy Stadium,Delhi Capitals,field,Delhi Capitals
Sunrisers Hyderabad,Mumbai Indians,Feroz Shah Kotla,Sunrisers Hyderabad,bat,Sunrisers Hyderabad
Royal Challengers Bangalore,Mumbai Indians,Wankhede Stadium,Mumbai Indians,bat,Royal Challengers Bangalore
Sunrisers Hyderabad,Kolkata Knight Riders,M. Chinnaswamy Stadium,Kolkata Knight Riders,bat,Kolkata Knight Riders
Punjab Kings,Rajasthan Royals,Wankhede Stadium,Punjab Kings,bat,Rajasthan Royals
Punjab Kings,Rajasthan Royals,Eden Gardens,Punjab Kings,bat,Rajasthan Royals
Chennai Super Kings,Rajasthan Royals,Chidambaram Stadium,Rajasthan Royals,bat,Rajasthan Royals
Rajasthan Royals,Chennai Super Kings,M. Chinnaswamy Stadium,Chennai Super Kings,bat,Rajasthan Royals
Sunrisers Hyderabad,Punjab Kings,Feroz Shah Kotla,Punjab Kings,bat,Sunrisers Hyderabad
Chennai Super Kings,Delhi Capitals,Wankhede Stadium,Chennai Super Kings,bat,Delhi Capitals
Rajasthan Royals,Delhi Capitals,Feroz Shah Kotla,Rajasthan Royals,field,Delhi Capitals
Kolkata Knight Riders,Rajasthan Royals,Eden Gardens,Kolkata Knight Riders,bat,Rajasthan Royals
Chennai Super Kings,Rajasthan Royals,Eden Gardens,Rajasthan Royals,field,Rajasthan Royals
Chennai Super Kings,Mumbai Indians,Chidambaram Stadium,Chennai Super Kings,field,Chennai Super Kings
Rajasthan Royals,Delhi Capitals,Eden Gardens,Delhi Capitals,field,Rajasthan Royals
Delhi Capitals,Sunrisers Hyderabad,Feroz Shah Kotla,Sunrisers Hyderabad,bat,Delhi Capitals
Delhi Capitals,Sunrisers Hyderabad,Wankhede Stadium,Sunrisers Hyderabad,field,Delhi Capitals
Rajasthan Royals,Sunrisers Hyderabad,M. Chinnaswamy Stadium,Rajasthan Royals,field,Sunrisers Hyderabad
Royal Challengers Bangalore,Delhi Capitals,Eden Gardens,Delhi Capitals,field,Royal Challengers Bangalore
Sunrisers Hyderabad,Mumbai Indians,Wankhede Stadium,Mumbai Indians,field,Mumbai Indians
Royal Challengers Bangalore,Delhi Capitals,Feroz Shah Kotla,Delhi Capitals,bat,Royal Challengers Bangalore
Sunrisers Hyderabad,Delhi Capitals,Feroz Shah Kotla,Sunrisers Hyderabad,bat,Sunrisers Hyderabad
Delhi Capitals,Rajasthan Royals,Chidambaram Stadium,Rajasthan Royals,field,Rajasthan Royals
Mumbai Indians,Kolkata Knight Riders,Eden Gardens,Mumbai Indians,field,Kolkata Knight Riders
Mumbai Indians,Delhi Capitals,M. Chinnaswamy Stadium,Delhi Capitals,field,Mumbai Indians
Punjab Kings,Rajasthan Royals,Wankhede Stadium,Punjab Kings,field,Punjab Kings
Delhi Capitals,Sunrisers Hyderabad,Wankhede Stadium,Sunrisers Hyderabad,bat,Delhi Capitals
Mumbai Indians,Kolkata Knight Riders,Chidambaram Stadium,Kolkata Knight Riders,bat,Mumbai Indians
Chennai Super Kings,Delhi Capitals,Wankhede Stadium,Delhi Capitals,bat,Chennai Super Kings
Delhi Capitals,Royal Challengers Bangalore,Wankhede Stadium,Royal Challengers Bangalore,field,Delhi Capitals
Sunrisers Hyderabad,Rajasthan Royals,Wankhede Stadium,Rajasthan Royals,bat,Sunrisers Hyderabad
Punjab Kings,Sunrisers Hyderabad,Feroz Shah Kotla,Punjab Kings,bat,Punjab Kings
Delhi Capitals,Rajasthan Royals,M. Chinnaswamy Stadium,Delhi Capitals,bat,Rajasthan Royals
Punjab Kings,Royal Challengers Bangalore,Chidambaram Stadium,Royal Challengers Bangalore,bat,Punjab Kings
Kolkata Knight Riders,Rajasthan Royals,Chidambaram Stadium,Rajasthan Royals,field,Kolkata Knight Riders
Sunrisers Hyderabad,Mumbai Indians,M. Chinnaswamy Stadium,Mumbai Indians,field,Sunrisers Hyderabad
Sunrisers Hyderabad,Kolkata Knight Riders,Chidambaram Stadium,Sunrisers Hyderabad,bat,Sunrisers Hyderabad
Sunrisers Hyderabad,Chennai Super Kings,M. Chinnaswamy Stadium,Sunrisers Hyderabad,field,Chennai Super Kings
Kolkata Knight Riders,Mumbai Indians,Feroz Shah Kotla,Mumbai Indians,field,Mumbai Indians
Delhi Capitals,Sunrisers Hyderabad,Chidambaram Stadium,Sunrisers Hyderabad,bat,Sunrisers Hyderabad
Kolkata Knight Riders,Sunrisers Hyderabad,M. Chinnaswamy Stadium,Kolkata Knight Riders,field,Sunrisers Hyderabad
Delhi Capitals,Rajasthan Royals,Wankhede Stadium,Delhi Capitals,field,Rajasthan Royals
Royal Challengers Bangalore,Kolkata Knight Riders,Eden Gardens,Royal Challengers Bangalore,bat,Kolkata Knight Riders
Delhi Capitals,Chennai Super Kings,Chidambaram Stadium,Delhi Capitals,bat,Delhi Capitals
Delhi Capitals,Royal Challengers Bangalore,M. Chinnaswamy Stadium,Royal Challengers Bangalore,field,Royal Challengers Bangalore
Delhi Capitals,Royal Challengers Bangalore,Wankhede Stadium,Royal Challengers Bangalore,bat,Delhi Capitals
Punjab Kings,Kolkata Knight Riders,Wankhede Stadium,Kolkata Knight Riders,bat,Kolkata Knight Riders
Chennai Super Kings,Kolkata Knight Riders,M. Chinnaswamy Stadium,Kolkata Knight Riders,field,Kolkata Knight Riders
Kolkata Knight Riders,Chennai Super Kings,M. Chinnaswamy Stadium,Chennai Super Kings,field,Chennai Super Kings
Royal Challengers Bangalore,Kolkata Knight Riders,Eden Gardens,Kolkata Knight Riders,field,Royal Challengers Bangalore
Rajasthan Royals,Mumbai Indians,Chidambaram Stadium,Mumbai Indians,bat,Mumbai Indians
Mumbai Indians,Kolkata Knight Riders,Feroz Shah Kotla,Kolkata Knight Riders,field,Mumbai Indians
Punjab Kings,Chennai Super Kings,Chidambaram Stadium,Punjab Kings,bat,Chennai Super Kings
Sunrisers Hyderabad,Kolkata Knight Riders,M. Chinnaswamy Stadium,Kolkata Knight Riders,bat,Sunrisers Hyderabad
Delhi Capitals,Kolkata Knight Riders,M. Chinnaswamy Stadium,Kolkata Knight Riders,bat,Delhi Capitals
Royal Challengers Bangalore,Punjab Kings,Wankhede Stadium,Royal Challengers Bangalore,bat,Royal Challengers Bangalore
Mumbai Indians,Kolkata Knight Riders,Wankhede Stadium,Kolkata Knight Riders,field,Mumbai Indians
Kolkata Knight Riders,Royal Challengers Bangalore,Feroz Shah Kotla,Kolkata Knight Riders,field,Kolkata Knight Riders
Kolkata Knight Riders,Mumbai Indians,M. Chinnaswamy Stadium,Kolkata Knight Riders,bat,Kolkata Knight Riders
Royal Challengers Bangalore,Punjab Kings,Chidambaram Stadium,Punjab Kings,field,Punjab Kings
Chennai Super Kings,Rajasthan Royals,M. Chinnaswamy Stadium,Rajasthan Royals,field,Chennai Super Kings
Sunrisers Hyderabad,Mumbai Indians,Eden Gardens,Sunrisers Hyderabad,bat,Mumbai Indians
Mumbai Indians,Chennai Super Kings,Eden Gardens,Chennai Super Kings,bat,Chennai Super Kings
Kolkata Knight Riders,Sunrisers Hyderabad,Chidambaram Stadium,Kolkata Knight Riders,field,Kolkata Knight Riders
Royal Challengers Bangalore,Rajasthan Royals,M. Chinnaswamy Stadium,Rajasthan Royals,bat,Rajasthan Royals
Sunrisers Hyderabad,Punjab Kings,Feroz Shah Kotla,Sunrisers Hyderabad,bat,Sunrisers Hyderabad
Royal Challengers Bangalore,Delhi Capitals,Eden Gardens,Royal Challengers Bangalore,field,Delhi Capitals
Mumbai Indians,Royal Challengers Bangalore,Feroz Shah Kotla,Royal Challengers Bangalore,bat,Mumbai Indians
Chennai Super Kings,Sunrisers Hyderabad,Chidambaram Stadium,Sunrisers Hyderabad,field,Sunrisers Hyderabad
Rajasthan Royals,Delhi Capitals,Feroz Shah Kotla,Rajasthan Royals,field,Rajasthan Royals
Rajasthan Royals,Punjab Kings,Eden Gardens,Punjab Kings,bat,Rajasthan Royals
Royal Challengers Bangalore,Mumbai Indians,Eden Gardens,Mumbai Indians,bat,Mumbai Indians
Punjab Kings,Mumbai Indians,Feroz Shah Kotla,Mumbai Indians,bat,Mumbai Indians
Delhi Capitals,Chennai Super Kings,M. Chinnaswamy Stadium,Delhi Capitals,field,Delhi Capitals
Royal Challengers Bangalore,Mumbai Indians,Eden Gardens,Mumbai Indians,field,Royal Challengers Bangalore
Kolkata Knight Riders,Mumbai Indians,M. Chinnaswamy Stadium,Mumbai Indians,field,Mumbai Indians
Chennai Super Kings,Delhi Capitals,M. Chinnaswamy Stadium,Delhi Capitals,bat,Chennai Super Kings
Kolkata Knight Riders,Chennai Super Kings,Eden Gardens,Kolkata Knight Riders,bat,Kolkata Knight Riders
Chennai Super Kings,Sunrisers Hyderabad,Chidambaram Stadium,Chennai Super Kings,field,Sunrisers Hyderabad
Mumbai Indians,Rajasthan Royals,M. Chinnaswamy Stadium,Mumbai Indians,bat,Rajasthan Royals
Chennai Super Kings,Delhi Capitals,Eden Gardens,Delhi Capitals,field,Chennai Super Kings
Sunrisers Hyderabad,Chennai Super Kings,Chidambaram Stadium,Sunrisers Hyderabad,field,Sunrisers Hyderabad
Kolkata Knight Riders,Delhi Capitals,Wankhede Stadium,Delhi Capitals,field,Delhi Capitals
Rajasthan Royals,Kolkata Knight Riders,Chidambaram Stadium,Kolkata Knight Riders,bat,Rajasthan Royals
Chennai Super Kings,Delhi Capitals,Wankhede Stadium,Delhi Capitals,field,Delhi Capitals
Rajasthan Royals,Delhi Capitals,Chidambaram Stadium,Rajasthan Royals,bat,Rajasthan Royals
Rajasthan Royals,Royal Challengers Bangalore,Eden Gardens,Rajasthan Royals,bat,Royal Challengers Bangalore
Mumbai Indians,Rajasthan Royals,M. Chinnaswamy Stadium,Mumbai Indians,field,Mumbai Indians
Royal Challengers Bangalore,Punjab Kings,Feroz Shah Kotla,Punjab Kings,bat,Punjab Kings
Sunrisers Hyderabad,Delhi Capitals,Eden Gardens,Sunrisers Hyderabad,field,Sunrisers Hyderabad
Chennai Super Kings,Mumbai Indians,Eden Gardens,Chennai Super Kings,field,Chennai Super Kings
Delhi Capitals,Royal Challengers Bangalore,Feroz Shah Kotla,Delhi Capitals,bat,Delhi Capitals
Punjab Kings,Royal Challengers Bangalore,Eden Gardens,Royal Challengers Bangalore,field,Punjab Kings
Mumbai Indians,Rajasthan Royals,Chidambaram Stadium,Rajasthan Royals,field,Mumbai Indians
Delhi Capitals,Sunrisers Hyderabad,Feroz Shah Kotla,Sunrisers Hyderabad,bat,Sunrisers Hyderabad
Mumbai Indians,Sunrisers Hyderabad,Wankhede Stadium,Sunrisers Hyderabad,bat,Mumbai Indians
Mumbai Indians,Sunrisers Hyderabad,Chidambaram Stadium,Mumbai Indians,bat,Mumbai Indians
Mumbai Indians,Royal Challengers Bangalore,Eden Gardens,Royal Challengers Bangalore,field,Royal Challengers Bangalore
Chennai Super Kings,Rajasthan Royals,Chidambaram Stadium,Chennai Super Kings,bat,Rajasthan Royals
Royal Challengers Bangalore,Kolkata Knight Riders,Feroz Shah Kotla,Kolkata Knight Riders,bat,Royal Challengers Bangalore
Royal Challengers Bangalore,Punjab Kings,Feroz Shah Kotla,Punjab Kings,bat,Royal Challengers Bangalore
Royal Challengers Bangalore,Delhi Capitals,Feroz Shah Kotla,Royal Challengers Bangalore,bat,Royal Challengers Bangalore
Delhi Capitals,Rajasthan Royals,M. Chinnaswamy Stadium,Delhi Capitals,bat,Delhi Capitals
Kolkata Knight Riders,Sunrisers Hyderabad,Feroz Shah Kotla,Sunrisers Hyderabad,bat,Sunrisers Hyderabad
Delhi Capitals,Sunrisers Hyderabad,Feroz Shah Kotla,Delhi Capitals,bat,Sunrisers Hyderabad
Sunrisers Hyderabad,Royal Challengers Bangalore,Eden Gardens,Royal Challengers Bangalore,bat,Royal Challengers Bangalore
Chennai Super Kings,Sunrisers Hyderabad,M. Chinnaswamy Stadium,Sunrisers Hyderabad,field,Chennai Super Kings
Kolkata Knight Riders,Punjab Kings,Feroz Shah Kotla,Kolkata Knight Riders,bat,Kolkata Knight Riders
Sunrisers Hyderabad,Royal Challengers Bangalore,Feroz Shah Kotla,Sunrisers Hyderabad,bat,Sunrisers Hyderabad
Punjab Kings,Kolkata Knight Riders,Eden Gardens,Kolkata Knight Riders,bat,Punjab Kings
Chennai Super Kings,Royal Challengers Bangalore,Chidambaram Stadium,Royal Challengers Bangalore,field,Chennai Super Kings
Kolkata Knight Riders,Royal Challengers Bangalore,Chidambaram Stadium,Kolkata Knight Riders,bat,Kolkata Knight Riders
Chennai Super Kings,Punjab Kings,Feroz Shah Kotla,Punjab Kings,field,Chennai Super Kings
Royal Challengers Bangalore,Chennai Super Kings,Wankhede Stadium,Chennai Super Kings,bat,Royal Challengers Bangalore
Royal Challengers Bangalore,Delhi Capitals,Wankhede Stadium,Delhi Capitals,field,Royal Challengers Bangalore
Punjab Kings,Rajasthan Royals,Eden Gardens,Punjab Kings,bat,Punjab Kings
Rajasthan Royals,Royal Challengers Bangalore,Chidambaram Stadium,Royal Challengers Bangalore,bat,Rajasthan Royals
Chennai Super Kings,Kolkata Knight Riders,Eden Gardens,Kolkata Knight Riders,bat,Chennai Super Kings
Rajasthan Royals,Sunrisers Hyderabad,Eden Gardens,Sunrisers Hyderabad,field,Sunrisers Hyderabad
Mumbai Indians,Sunrisers Hyderabad,Wankhede Stadium,Mumbai Indians,field,Sunrisers Hyderabad
Sunrisers Hyderabad,Delhi Capitals,Eden Gardens,Delhi Capitals,field,Sunrisers Hyderabad
Rajasthan Royals,Sunrisers Hyderabad,Wankhede Stadium,Rajasthan Royals,field,Sunrisers Hyderabad
Sunrisers Hyderabad,Rajasthan Royals,Feroz Shah Kotla,Sunrisers Hyderabad,field,Sunrisers Hyderabad
Punjab Kings,Kolkata Knight Riders,Chidambaram Stadium,Punjab Kings,field,Kolkata Knight Riders
Sunrisers Hyderabad,Rajasthan Royals,Chidambaram Stadium,Sunrisers Hyderabad,field,Sunrisers Hyderabad
Punjab Kings,Delhi Capitals,Chidambaram Stadium,Punjab Kings,bat,Delhi Capitals
Royal Challengers Bangalore,Delhi Capitals,Eden Gardens,Delhi Capitals,bat,Royal Challengers Bangalore
Delhi Capitals,Royal Challengers Bangalore,Feroz Shah Kotla,Royal Challengers Bangalore,bat,Delhi Capitals
Rajasthan Royals,Mumbai Indians,M. Chinnaswamy Stadium,Mumbai Indians,bat,Mumbai Indians
Chennai Super Kings,Sunrisers Hyderabad,Feroz Shah Kotla,Chennai Super Kings,field,Chennai Super Kings
Mumbai Indians,Rajasthan Royals,Wankhede Stadium,Rajasthan Royals,bat,Rajasthan Royals
Kolkata Knight Riders,Punjab Kings,M. Chinnaswamy Stadium,Punjab Kings,bat,Kolkata Knight Riders
Kolkata Knight Riders,Punjab Kings,Feroz Shah Kotla,Kolkata Knight Riders,field,Kolkata Knight Riders
Delhi Capitals,Rajasthan Royals,M. Chinnaswamy Stadium,Delhi Capitals,field,Rajasthan Royals
Kolkata Knight Riders,Rajasthan Royals,Feroz Shah Kotla,Kolkata Knight Riders,field,Kolkata Knight Riders
Chennai Super Kings,Royal Challengers Bangalore,Chidambaram Stadium,Royal Challengers Bangalore,field,Chennai Super Kings
Rajasthan Royals,Kolkata Knight Riders,Wankhede Stadium,Rajasthan Royals,field,Kolkata Knight Riders
Royal Challengers Bangalore,Punjab Kings,Eden Gardens,Punjab Kings,field,Royal Challengers Bangalore
Chennai Super Kings,Kolkata Knight Riders,M. Chinnaswamy Stadium,Kolkata Knight Riders,bat,Kolkata Knight Riders
Sunrisers Hyderabad,Kolkata Knight Riders,Chidambaram Stadium,Kolkata Knight Riders,bat,Sunrisers Hyderabad
Mumbai Indians,Rajasthan Royals,Feroz Shah Kotla,Mumbai Indians,bat,Rajasthan Royals
Chennai Super Kings,Mumbai Indians,Feroz Shah Kotla,Chennai Super Kings,bat,Chennai Super Kings
Mumbai Indians,Rajasthan Royals,Feroz Shah Kotla,Rajasthan Royals,field,Mumbai Indians
Kolkata Knight Riders,Punjab Kings,Feroz Shah Kotla,Kolkata Knight Riders,field,Punjab Kings
Mumbai Indians,Chennai Super Kings,Feroz Shah Kotla,Chennai Super Kings,field,Chennai Super Kings
Delhi Capitals,Mumbai Indians,Eden Gardens,Delhi Capitals,bat,Delhi Capitals
Delhi Capitals,Mumbai Indians,Wankhede Stadium,Mumbai Indians,bat,Mumbai Indians
Rajasthan Royals,Royal Challengers Bangalore,Feroz Shah Kotla,Royal Challengers Bangalore,bat,Royal Challengers Bangalore
Kolkata Knight Riders,Royal Challengers Bangalore,Feroz Shah Kotla,Kolkata Knight Riders,bat,Royal Challengers Bangalore
Rajasthan Royals,Royal Challengers Bangalore,Chidambaram Stadium,Royal Challengers Bangalore,field,Royal Challengers Bangalore
Rajasthan Royals,Mumbai Indians,Feroz Shah Kotla,Rajasthan Royals,field,Rajasthan Royals
Delhi Capitals,Kolkata Knight Riders,Eden Gardens,Delhi Capitals,bat,Kolkata Knight Riders
Rajasthan Royals,Sunrisers Hyderabad,Chidambaram Stadium,Rajasthan Royals,bat,Rajasthan Royals
Delhi Capitals,Kolkata Knight Riders,Feroz Shah Kotla,Kolkata Knight Riders,bat,Kolkata Knight Riders
Delhi Capitals,Punjab Kings,Chidambaram Stadium,Punjab Kings,field,Delhi Capitals
Royal Challengers Bangalore,Kolkata Knight Riders,Feroz Shah Kotla,Kolkata Knight Riders,field,Kolkata Knight Riders
Delhi Capitals,Kolkata Knight Riders,Wankhede Stadium,Kolkata Knight Riders,field,Kolkata Knight Riders
Royal Challengers Bangalore,Delhi Capitals,Eden Gardens,Delhi Capitals,bat,Royal Challengers Bangalore
Delhi Capitals,Mumbai Indians,Feroz Shah Kotla,Delhi Capitals,bat,Delhi Capitals
Rajasthan Royals,Sunrisers Hyderabad,Chidambaram Stadium,Sunrisers Hyderabad,bat,Rajasthan Royals
Punjab Kings,Chennai Super Kings,Eden Gardens,Punjab Kings,bat,Punjab Kings
Royal Challengers Bangalore,Punjab Kings,Feroz Shah Kotla,Royal Challengers Bangalore,field,Royal Challengers Bangalore
Sunrisers Hyderabad,Royal Challengers Bangalore,M. Chinnaswamy Stadium,Sunrisers Hyderabad,bat,Royal Challengers Bangalore
Rajasthan Royals,Punjab Kings,M. Chinnaswamy Stadium,Rajasthan Royals,bat,Punjab Kings
Delhi Capitals,Royal Challengers Bangalore,Chidambaram Stadium,Delhi Capitals,field,Royal Challengers Bangalore
Kolkata Knight Riders,Sunrisers Hyderabad,M. Chinnaswamy Stadium,Sunrisers Hyderabad,field,Sunrisers Hyderabad
Chennai Super Kings,Rajasthan Royals,Feroz Shah Kotla,Chennai Super Kings,bat,Chennai Super Kings
Royal Challengers Bangalore,Delhi Capitals,Eden Gardens,Royal Challengers Bangalore,field,Delhi Capitals
Royal Challengers Bangalore,Delhi Capitals,Chidambaram Stadium,Royal Challengers Bangalore,bat,Delhi Capitals
Sunrisers Hyderabad,Rajasthan Royals,Eden Gardens,Sunrisers Hyderabad,bat,Rajasthan Royals
Mumbai Indians,Sunrisers Hyderabad,Wankhede Stadium,Sunrisers Hyderabad,field,Sunrisers Hyderabad
Chennai Super Kings,Punjab Kings,M. Chinnaswamy Stadium,Punjab Kings,bat,Punjab Kings
Delhi Capitals,Punjab Kings,Wankhede Stadium,Delhi Capitals,field,Delhi Capitals
Mumbai Indians,Rajasthan Royals,Eden Gardens,Rajasthan Royals,field,Mumbai Indians
Sunrisers Hyderabad,Mumbai Indians,Wankhede Stadium,Mumbai Indians,field,Sunrisers Hyderabad
Royal Challengers Bangalore,Rajasthan Royals,M. Chinnaswamy Stadium,Rajasthan Royals,field,Rajasthan Royals
Royal Challengers Bangalore,Delhi Capitals,M. Chinnaswamy Stadium,Delhi Capitals,field,Royal Challengers Bangalore
Rajasthan Royals,Sunrisers Hyderabad,Chidambaram Stadium,Sunrisers Hyderabad,field,Rajasthan Royals
Royal Challengers Bangalore,Rajasthan Royals,Wankhede Stadium,Rajasthan Royals,field,Rajasthan Royals
Punjab Kings,Rajasthan Royals,Chidambaram Stadium,Punjab Kings,bat,Rajasthan Royals
Punjab Kings,Royal Challengers Bangalore,M. Chinnaswamy Stadium,Royal Challengers Bangalore,field,Royal Challengers Bangalore
Mumbai Indians,Royal Challengers Bangalore,Feroz Shah Kotla,Mumbai Indians,field,Royal Challengers Bangalore
Royal Challengers Bangalore,Chennai Super Kings,Wankhede Stadium,Royal Challengers Bangalore,field,Chennai Super Kings
Punjab Kings,Mumbai Indians,Feroz Shah Kotla,Punjab Kings,field,Punjab Kings
Chennai Super Kings,Royal Challengers Bangalore,M. Chinnaswamy Stadium,Chennai Super Kings,field,Royal Challengers Bangalore
Rajasthan Royals,Punjab Kings,Chidambaram Stadium,Rajasthan Royals,bat,Rajasthan Royals
Chennai Super Kings,Rajasthan Royals,Eden Gardens,Chennai Super Kings,field,Chennai Super Kings
Chennai Super Kings,Mumbai Indians,Wankhede Stadium,Chennai Super Kings,field,Chennai Super Kings
Royal Challengers Bangalore,Rajasthan Royals,Eden Gardens,Royal Challengers Bangalore,field,Royal Challengers Bangalore
Punjab Kings,Chennai Super Kings,Eden Gardens,Punjab Kings,field,Chennai Super Kings
Delhi Capitals,Chennai Super Kings,M. Chinnaswamy Stadium,Delhi Capitals,bat,Delhi Capitals
Punjab Kings,Mumbai Indians,Eden Gardens,Mumbai Indians,bat,Punjab Kings
Chennai Super Kings,Punjab Kings,Feroz Shah Kotla,Chennai Super Kings,field,Chennai Super Kings
Punjab Kings,Chennai Super Kings,Wankhede Stadium,Chennai Super Kings,field,Chennai Super Kings
Mumbai Indians,Kolkata Knight Riders,Eden Gardens,Kolkata Knight Riders,bat,Mumbai Indians
Delhi Capitals,Chennai Super Kings,Eden Gardens,Chennai Super Kings,bat,Delhi Capitals
Kolkata Knight Riders,Mumbai Indians,Chidambaram Stadium,Kolkata Knight Riders,bat,Mumbai Indians
Sunrisers Hyderabad,Royal Challengers Bangalore,Eden Gardens,Royal Challengers Bangalore,field,Sunrisers Hyderabad
Delhi Capitals,Chennai Super Kings,Chidambaram Stadium,Chennai Super Kings,field,Chennai Super Kings
Sunrisers Hyderabad,Kolkata Knight Riders,Wankhede Stadium,Sunrisers Hyderabad,bat,Sunrisers Hyderabad
Sunrisers Hyderabad,Rajasthan Royals,Wankhede Stadium,Sunrisers Hyderabad,field,Rajasthan Royals
Chennai Super Kings,Sunrisers Hyderabad,Chidambaram Stadium,Sunrisers Hyderabad,bat,Chennai Super Kings
Kolkata Knight Riders,Sunrisers Hyderabad,Eden Gardens,Sunrisers Hyderabad,field,Kolkata Knight Riders
Chennai Super Kings,Punjab Kings,Wankhede Stadium,Chennai Super Kings,field,Punjab Kings
Mumbai Indians,Punjab Kings,Wankhede Stadium,Punjab Kings,bat,Punjab Kings
Royal Challengers Bangalore,Rajasthan Royals,M. Chinnaswamy Stadium,Rajasthan Royals,field,Royal Challengers Bangalore
Rajasthan Royals,Royal Challengers Bangalore,Wankhede Stadium,Royal Challengers Bangalore,bat,Royal Challengers Bangalore
Rajasthan Royals,Royal Challengers Bangalore,M. Chinnaswamy Stadium,Royal Challengers Bangalore,bat,Royal Challengers Bangalore
Sunrisers Hyderabad,Mumbai Indians,Chidambaram Stadium,Mumbai Indians,field,Sunrisers Hyderabad
Chennai Super Kings,Kolkata Knight Riders,Chidambaram Stadium,Kolkata Knight Riders,bat,Chennai Super Kings
Mumbai Indians,Rajasthan Royals,Chidambaram Stadium,Rajasthan Royals,bat,Mumbai Indians
Delhi Capitals,Kolkata Knight Riders,M. Chinnaswamy Stadium,Kolkata Knight Riders,field,Kolkata Knight Riders
Mumbai Indians,Kolkata Knight Riders,M. Chinnaswamy Stadium,Kolkata Knight Riders,bat,Kolkata Knight Riders
Royal Challengers Bangalore,Punjab Kings,Wankhede Stadium,Punjab Kings,bat,Punjab Kings
Kolkata Knight Riders,Punjab Kings,Chidambaram Stadium,Punjab Kings,bat,Kolkata Knight Riders
Mumbai Indians,Sunrisers Hyderabad,Feroz Shah Kotla,Sunrisers Hyderabad,bat,Sunrisers Hyderabad
Punjab Kings,Rajasthan Royals,Feroz Shah Kotla,Punjab Kings,field,Punjab Kings
Mumbai Indians,Rajasthan Royals,Wankhede Stadium,Mumbai Indians,bat,Mumbai Indians
Chennai Super Kings,Mumbai Indians,Wankhede Stadium,Chennai Super Kings,field,Chennai Super Kings
Kolkata Knight Riders,Punjab Kings,Eden Gardens,Kolkata Knight Riders,field,Kolkata Knight Riders
Mumbai Indians,Kolkata Knight Riders,M. Chinnaswamy Stadium,Mumbai Indians,bat,Kolkata Knight Riders
Chennai Super Kings,Punjab Kings,Chidambaram Stadium,Punjab Kings,bat,Punjab Kings
Mumbai Indians,Chennai Super Kings,M. Chinnaswamy Stadium,Mumbai Indians,field,Mumbai Indians
Chennai Super Kings,Punjab Kings,Chidambaram Stadium,Chennai Super Kings,field,Punjab Kings
Sunrisers Hyderabad,Delhi Capitals,Wankhede Stadium,Sunrisers Hyderabad,field,Delhi Capitals
Royal Challengers Bangalore,Sunrisers Hyderabad,Feroz Shah Kotla,Royal Challengers Bangalore,bat,Royal Challengers Bangalore
Kolkata Knight Riders,Punjab Kings,M. Chinnaswamy Stadium,Kolkata Knight Riders,field,Punjab Kings
Rajasthan Royals,Punjab Kings,Eden Gardens,Punjab Kings,bat,Rajasthan Royals
Royal Challengers Bangalore,Rajasthan Royals,Chidambaram Stadium,Rajasthan Royals,bat,Rajasthan Royals
Chennai Super Kings,Royal Challengers Bangalore,Feroz Shah Kotla,Royal Challengers Bangalore,field,Chennai Super Kings
Kolkata Knight Riders,Mumbai Indians,Feroz Shah Kotla,Kolkata Knight Riders,bat,Mumbai Indians
Chennai Super Kings,Punjab Kings,Chidambaram Stadium,Punjab Kings,field,Punjab Kings
Chennai Super Kings,Punjab Kings,Eden Gardens,Punjab Kings,field,Chennai Super Kings
Delhi Capitals,Chennai Super Kings,Eden Gardens,Chennai Super Kings,bat,Chennai Super Kings
Kolkata Knight Riders,Punjab Kings,M. Chinnaswamy Stadium,Punjab Kings,bat,Punjab Kings
Rajasthan Royals,Chennai Super Kings,Feroz Shah Kotla,Rajasthan Royals,bat,Chennai Super Kings
Royal Challengers Bangalore,Sunrisers Hyderabad,Eden Gardens,Sunrisers Hyderabad,bat,Royal Challengers Bangalore
Kolkata Knight Riders,Mumbai Indians,Wankhede Stadium,Kolkata Knight Riders,bat,Kolkata Knight Riders
Delhi Capitals,Mumbai Indians,Eden Gardens,Mumbai Indians,bat,Mumbai Indians
Chennai Super Kings,Rajasthan Royals,Wankhede Stadium,Chennai Super Kings,bat,Rajasthan Royals
Kolkata Knight Riders,Chennai Super Kings,M. Chinnaswamy Stadium,Chennai Super Kings,bat,Chennai Super Kings
Royal Challengers Bangalore,Kolkata Knight Riders,Eden Gardens,Royal Challengers Bangalore,bat,Kolkata Knight Riders
Sunrisers Hyderabad,Mumbai Indians,M. Chinnaswamy Stadium,Sunrisers Hyderabad,bat,Mumbai Indians
Sunrisers Hyderabad,Punjab Kings,Wankhede Stadium,Punjab Kings,bat,Sunrisers Hyderabad
Rajasthan Royals,Sunrisers Hyderabad,Chidambaram Stadium,Rajasthan Royals,bat,Rajasthan Royals
Rajasthan Royals,Chennai Super Kings,Eden Gardens,Rajasthan Royals,field,Chennai Super Kings
Rajasthan Royals,Royal Challengers Bangalore,M. Chinnaswamy Stadium,Royal Challengers Bangalore,field,Royal Challengers Bangalore
Sunrisers Hyderabad,Kolkata Knight Riders,Chidambaram Stadium,Kolkata Knight Riders,field,Kolkata Knight Riders
Royal Challengers Bangalore,Chennai Super Kings,Feroz Shah Kotla,Royal Challengers Bangalore,field,Royal Challengers Bangalore
Delhi Capitals,Chennai Super Kings,Chidambaram Stadium,Delhi Capitals,field,Delhi Capitals
Sunrisers Hyderabad,Royal Challengers Bangalore,Wankhede Stadium,Royal Challengers Bangalore,bat,Royal Challengers Bangalore
Chennai Super Kings,Punjab Kings,M. Chinnaswamy Stadium,Punjab Kings,bat,Punjab Kings
Royal Challengers Bangalore,Delhi Capitals,Chidambaram Stadium,Delhi Capitals,field,Delhi Capitals
Royal Challengers Bangalore,Mumbai Indians,M. Chinnaswamy Stadium,Royal Challengers Bangalore,bat,Royal Challengers Bangalore
Punjab Kings,Rajasthan Royals,Chidambaram Stadium,Punjab Kings,bat,Rajasthan Royals
Mumbai Indians,Punjab Kings,Eden Gardens,Punjab Kings,field,Punjab Kings
Mumbai Indians,Chennai Super Kings,Wankhede Stadium,Chennai Super Kings,bat,Mumbai Indians
Rajasthan Royals,Punjab Kings,Eden Gardens,Rajasthan Royals,bat,Punjab Kings
Mumbai Indians,Rajasthan Royals,Wankhede Stadium,Mumbai Indians,bat,Mumbai Indians
Punjab Kings,Rajasthan Royals,Chidambaram Stadium,Punjab Kings,field,Punjab Kings
Kolkata Knight Riders,Punjab Kings,Chidambaram Stadium,Punjab Kings,bat,Kolkata Knight Riders
Sunrisers Hyderabad,Kolkata Knight Riders,Eden Gardens,Kolkata Knight Riders,bat,Kolkata Knight Riders
Chennai Super Kings,Sunrisers Hyderabad,Feroz Shah Kotla,Chennai Super Kings,bat,Chennai Super Kings
Kolkata Knight Riders,Sunrisers Hyderabad,Feroz Shah Kotla,Kolkata Knight Riders,bat,Kolkata Knight Riders
Delhi Capitals,Kolkata Knight Riders,M. Chinnaswamy Stadium,Delhi Capitals,bat,Delhi Capitals
Punjab Kings,Chennai Super Kings,Eden Gardens,Chennai Super Kings,field,Punjab Kings
Delhi Capitals,Chennai Super Kings,Chidambaram Stadium,Chennai Super Kings,field,Chennai Super Kings
Mumbai Indians,Kolkata Knight Riders,Eden Gardens,Kolkata Knight Riders,bat,Mumbai Indians
Sunrisers Hyderabad,Royal Challengers Bangalore,Chidambaram Stadium,Royal Challengers Bangalore,bat,Royal Challengers Bangalore
Royal Challengers Bangalore,Sunrisers Hyderabad,M. Chinnaswamy Stadium,Royal Challengers Bangalore,bat,Sunrisers Hyderabad
Punjab Kings,Sunrisers Hyderabad,M. Chinnaswamy Stadium,Sunrisers Hyderabad,bat,Sunrisers Hyderabad
Royal Challengers Bangalore,Chennai Super Kings,Eden Gardens,Royal Challengers Bangalore,field,Chennai Super Kings
Delhi Capitals,Rajasthan Royals,Chidambaram Stadium,Rajasthan Royals,bat,Delhi Capitals
Punjab Kings,Kolkata Knight Riders,M. Chinnaswamy Stadium,Kolkata Knight Riders,field,Kolkata Knight Riders
Punjab Kings,Kolkata Knight Riders,Chidambaram Stadium,Punjab Kings,bat,Kolkata Knight Riders
Kolkata Knight Riders,Rajasthan Royals,Eden Gardens,Rajasthan Royals,bat,Rajasthan Royals
Royal Challengers Bangalore,Chennai Super Kings,Eden Gardens,Royal Challengers Bangalore,bat,Chennai Super Kings
Rajasthan Royals,Sunrisers Hyderabad,Chidambaram Stadium,Rajasthan Royals,field,Sunrisers Hyderabad
Kolkata Knight Riders,Royal Challengers Bangalore,M. Chinnaswamy Stadium,Kolkata Knight Riders,bat,Kolkata Knight Riders
Sunrisers Hyderabad,Rajasthan Royals,Chidambaram Stadium,Rajasthan Royals,bat,Sunrisers Hyderabad
Royal Challengers Bangalore,Kolkata Knight Riders,Feroz Shah Kotla,Kolkata Knight Riders,bat,Royal Challengers Bangalore
Punjab Kings,Sunrisers Hyderabad,Chidambaram Stadium,Punjab Kings,field,Punjab Kings
Sunrisers Hyderabad,Punjab Kings,Eden Gardens,Punjab Kings,bat,Sunrisers Hyderabad
Mumbai Indians,Punjab Kings,M. Chinnaswamy Stadium,Mumbai Indians,bat,Punjab Kings
Kolkata Knight Riders,Sunrisers Hyderabad,Wankhede Stadium,Kolkata Knight Riders,field,Sunrisers Hyderabad
Punjab Kings,Rajasthan Royals,Chidambaram Stadium,Punjab Kings,bat,Rajasthan Royals
Chennai Super Kings,Kolkata Knight Riders,Eden Gardens,Chennai Super Kings,bat,Kolkata Knight Riders
Sunrisers Hyderabad,Delhi Capitals,Chidambaram Stadium,Delhi Capitals,bat,Sunrisers Hyderabad
Punjab Kings,Chennai Super Kings,M. Chinnaswamy Stadium,Chennai Super Kings,field,Chennai Super Kings
Delhi Capitals,Mumbai Indians,Wankhede Stadium,Delhi Capitals,field,Mumbai Indians
Punjab Kings,Rajasthan Royals,Chidambaram Stadium,Rajasthan Royals,bat,Rajasthan Royals
Sunrisers Hyderabad,Kolkata Knight Riders,Feroz Shah Kotla,Sunrisers Hyderabad,field,Sunrisers Hyderabad
Chennai Super Kings,Delhi Capitals,Chidambaram Stadium,Chennai Super Kings,field,Chennai Super Kings
Kolkata Knight Riders,Mumbai Indians,Eden Gardens,Kolkata Knight Riders,bat,Mumbai Indians
Delhi Capitals,Kolkata Knight Riders,Eden Gardens,Delhi Capitals,bat,Delhi Capitals
Mumbai Indians,Sunrisers Hyderabad,Feroz Shah Kotla,Mumbai Indians,field,Sunrisers Hyderabad
Sunrisers Hyderabad,Delhi Capitals,Eden Gardens,Delhi Capitals,field,Delhi Capitals
Rajasthan Royals,Chennai Super Kings,Eden Gardens,Chennai Super Kings,field,Chennai Super Kings
Delhi Capitals,Punjab Kings,Feroz Shah Kotla,Punjab Kings,field,Delhi Capitals
Delhi Capitals,Rajasthan Royals,Eden Gardens,Delhi Capitals,field,Delhi Capitals
Chennai Super Kings,Royal Challengers Bangalore,Chidambaram Stadium,Royal Challengers Bangalore,bat,Royal Challengers Bangalore
Royal Challengers Bangalore,Chennai Super Kings,Chidambaram Stadium,Royal Challengers Bangalore,bat,Royal Challengers Bangalore
Royal Challengers Bangalore,Delhi Capitals,Chidambaram Stadium,Delhi Capitals,field,Royal Challengers Bangalore
Kolkata Knight Riders,Royal Challengers Bangalore,Feroz Shah Kotla,Royal Challengers Bangalore,bat,Royal Challengers Bangalore
Chennai Super Kings,Delhi Capitals,Eden Gardens,Chennai Super Kings,field,Chennai Super Kings
Punjab Kings,Rajasthan Royals,Chidambaram Stadium,Rajasthan Royals,field,Punjab Kings
Delhi Capitals,Kolkata Knight Riders,Wankhede Stadium,Kolkata Knight Riders,bat,Kolkata Knight Riders
Kolkata Knight Riders,Chennai Super Kings,Eden Gardens,Chennai Super Kings,field,Chennai Super Kings
Royal Challengers Bangalore,Chennai Super Kings,Wankhede Stadium,Royal Challengers Bangalore,bat,Chennai Super Kings
Punjab Kings,Mumbai Indians,Eden Gardens,Mumbai Indians,field,Mumbai Indians
Delhi Capitals,Kolkata Knight Riders,Feroz Shah Kotla,Kolkata Knight Riders,bat,Kolkata Knight Riders
Punjab Kings,Rajasthan Royals,Chidambaram Stadium,Rajasthan Royals,bat,Punjab Kings
Royal Challengers Bangalore,Rajasthan Royals,Feroz Shah Kotla,Rajasthan Royals,field,Rajasthan Royals
Delhi Capitals,Royal Challengers Bangalore,Feroz Shah Kotla,Delhi Capitals,field,Delhi Capitals
Mumbai Indians,Rajasthan Royals,Feroz Shah Kotla,Mumbai Indians,field,Rajasthan Royals
Mumbai Indians,Punjab Kings,M. Chinnaswamy Stadium,Mumbai Indians,field,Mumbai Indians
Chennai Super Kings,Rajasthan Royals,M. Chinnaswamy Stadium,Rajasthan Royals,bat,Chennai Super Kings
Punjab Kings,Kolkata Knight Riders,M. Chinnaswamy Stadium,Punjab Kings,bat,Punjab Kings
Punjab Kings,Royal Challengers Bangalore,Eden Gardens,Royal Challengers Bangalore,field,Royal Challengers Bangalore
Mumbai Indians,Delhi Capitals,Chidambaram Stadium,Mumbai Indians,field,Delhi Capitals
Kolkata Knight Riders,Chennai Super Kings,Chidambaram Stadium,Kolkata Knight Riders,field,Chennai Super Kings
Punjab Kings,Royal Challengers Bangalore,Chidambaram Stadium,Royal Challengers Bangalore,bat,Royal Challengers Bangalore
Punjab Kings,Mumbai Indians,Feroz Shah Kotla,Punjab Kings,field,Mumbai Indians
Sunrisers Hyderabad,Mumbai Indians,Feroz Shah Kotla,Mumbai Indians,field,Mumbai Indians
Mumbai Indians,Royal Challengers Bangalore,M. Chinnaswamy Stadium,Royal Challengers Bangalore,bat,Royal Challengers Bangalore
Sunrisers Hyderabad,Royal Challengers Bangalore,M. Chinnaswamy Stadium,Royal Challengers Bangalore,field,Royal Challengers Bangalore
Kolkata Knight Riders,Royal Challengers Bangalore,Chidambaram Stadium,Royal Challengers Bangalore,field,Kolkata Knight Riders
Royal Challengers Bangalore,Kolkata Knight Riders,Wankhede Stadium,Royal Challengers Bangalore,field,Kolkata Knight Riders
Royal Challengers Bangalore,Sunrisers Hyderabad,Chidambaram Stadium,Sunrisers Hyderabad,bat,Sunrisers Hyderabad
Rajasthan Royals,Delhi Capitals,Wankhede Stadium,Delhi Capitals,field,Delhi Capitals
Royal Challengers Bangalore,Delhi Capitals,Wankhede Stadium,Royal Challengers Bangalore,field,Delhi Capitals
Mumbai Indians,Sunrisers Hyderabad,M. Chinnaswamy Stadium,Sunrisers Hyderabad,field,Mumbai Indians
Rajasthan Royals,Delhi Capitals,Chidambaram Stadium,Delhi Capitals,bat,Rajasthan Royals
Delhi Capitals,Sunrisers Hyderabad,Eden Gardens,Sunrisers Hyderabad,bat,Delhi Capitals
Royal Challengers Bangalore,Rajasthan Royals,Chidambaram Stadium,Royal Challengers Bangalore,field,Royal Challengers Bangalore
Punjab Kings,Kolkata Knight Riders,Chidambaram Stadium,Kolkata Knight Riders,bat,Kolkata Knight Riders
Delhi Capitals,Mumbai Indians,M. Chinnaswamy Stadium,Mumbai Indians,field,Mumbai Indians
Mumbai Indians,Punjab Kings,Feroz Shah Kotla,Mumbai Indians,field,Mumbai Indians
Kolkata Knight Riders,Delhi Capitals,M. Chinnaswamy Stadium,Delhi Capitals,field,Kolkata Knight Riders
Mumbai Indians,Punjab Kings,Feroz Shah Kotla,Mumbai Indians,field,Mumbai Indians
Rajasthan Royals,Sunrisers Hyderabad,M. Chinnaswamy Stadium,Rajasthan Royals,field,Rajasthan Royals
Sunrisers Hyderabad,Chennai Super Kings,M. Chinnaswamy Stadium,Sunrisers Hyderabad,field,Chennai Super Kings
Royal Challengers Bangalore,Kolkata Knight Riders,Wankhede Stadium,Kolkata Knight Riders,bat,Kolkata Knight Riders
Chennai Super Kings,Mumbai Indians,Chidambaram Stadium,Mumbai Indians,field,Chennai Super Kings
Mumbai Indians,Kolkata Knight Riders,Feroz Shah Kotla,Mumbai Indians,bat,Mumbai Indians
Kolkata Knight Riders,Sunrisers Hyderabad,M. Chinnaswamy Stadium,Kolkata Knight Riders,bat,Sunrisers Hyderabad
Mumbai Indians,Rajasthan Royals,Feroz Shah Kotla,Mumbai Indians,bat,Rajasthan Royals
Punjab Kings,Delhi Capitals,Chidambaram Stadium,Punjab Kings,bat,Delhi Capitals
Kolkata Knight Riders,Royal Challengers Bangalore,M. Chinnaswamy Stadium,Royal Challengers Bangalore,bat,Royal Challengers Bangalore
Royal Challengers Bangalore,Mumbai Indians,Chidambaram Stadium,Royal Challengers Bangalore,field,Royal Challengers Bangalore
Mumbai Indians,Kolkata Knight Riders,Wankhede Stadium,Kolkata Knight Riders,field,Mumbai Indians
Chennai Super Kings,Sunrisers Hyderabad,Chidambaram Stadium,Chennai Super Kings,field,Sunrisers Hyderabad
Mumbai Indians,Kolkata Knight Riders,Wankhede Stadium,Kolkata Knight Riders,field,Kolkata Knight Riders
Punjab Kings,Delhi Capitals,Feroz Shah Kotla,Punjab Kings,field,Punjab Kings
Kolkata Knight Riders,Rajasthan Royals,M. Chinnaswamy Stadium,Rajasthan Royals,field,Kolkata Knight Riders
Delhi Capitals,Mumbai Indians,Feroz Shah Kotla,Mumbai Indians,bat,Delhi Capitals
Kolkata Knight Riders,Delhi Capitals,M. Chinnaswamy Stadium,Delhi Capitals,field,Delhi Capitals
Rajasthan Royals,Chennai Super Kings,Wankhede Stadium,Chennai Super Kings,bat,Chennai Super Kings
Mumbai Indians,Kolkata Knight Riders,Chidambaram Stadium,Mumbai Indians,bat,Mumbai Indians
Mumbai Indians,Kolkata Knight Riders,Eden Gardens,Mumbai Indians,field,Mumbai Indians
Punjab Kings,Royal Challengers Bangalore,Wankhede Stadium,Punjab Kings,bat,Royal Challengers Bangalore
Royal Challengers Bangalore,Punjab Kings,Eden Gardens,Punjab Kings,field,Royal Challengers Bangalore
Kolkata Knight Riders,Chennai Super Kings,Chidambaram Stadium,Chennai Super Kings,field,Kolkata Knight Riders
Kolkata Knight Riders,Rajasthan Royals,Feroz Shah Kotla,Rajasthan Royals,field,Rajasthan Royals
Punjab Kings,Sunrisers Hyderabad,Wankhede Stadium,Punjab Kings,bat,Sunrisers Hyderabad
Kolkata Knight Riders,Delhi Capitals,Wankhede Stadium,Delhi Capitals,bat,Kolkata Knight Riders
Kolkata Knight Riders,Chennai Super Kings,M. Chinnaswamy Stadium,Chennai Super Kings,bat,Chennai Super Kings
Chennai Super Kings,Punjab Kings,Wankhede Stadium,Chennai Super Kings,bat,Punjab Kings
Mumbai Indians,Kolkata Knight Riders,Wankhede Stadium,Mumbai Indians,bat,Mumbai Indians
Punjab Kings,Rajasthan Royals,Chidambaram Stadium,Punjab Kings,field,Punjab Kings
Royal Challengers Bangalore,Punjab Kings,M. Chinnaswamy Stadium,Punjab Kings,field,Punjab Kings
Sunrisers Hyderabad,Delhi Capitals,Chidambaram Stadium,Delhi Capitals,bat,Sunrisers Hyderabad
Sunrisers Hyderabad,Delhi Capitals,Wankhede Stadium,Sunrisers Hyderabad,field,Delhi Capitals
Rajasthan Royals,Chennai Super Kings,Eden Gardens,Rajasthan Royals,bat,Chennai Super Kings
Royal Challengers Bangalore,Chennai Super Kings,Eden Gardens,Royal Challengers Bangalore,field,Chennai Super Kings
Mumbai Indians,Royal Challengers Bangalore,Eden Gardens,Royal Challengers Bangalore,field,Mumbai Indians
Royal Challengers Bangalore,Punjab Kings,Chidambaram Stadium,Royal Challengers Bangalore,field,Punjab Kings
Punjab Kings,Chennai Super Kings,Eden Gardens,Punjab Kings,field,Punjab Kings
Rajasthan Royals,Chennai Super Kings,Feroz Shah Kotla,Chennai Super Kings,bat,Chennai Super Kings
Mumbai Indians,Punjab Kings,Wankhede Stadium,Mumbai Indians,bat,Mumbai Indians
Mumbai Indians,Royal Challengers Bangalore,Feroz Shah Kotla,Royal Challengers Bangalore,bat,Royal Challengers Bangalore
Royal Challengers Bangalore,Rajasthan Royals,Wankhede Stadium,Royal Challengers Bangalore,bat,Rajasthan Royals
Punjab Kings,Kolkata Knight Riders,Eden Gardens,Kolkata Knight Riders,field,Kolkata Knight Riders
Kolkata Knight Riders,Royal Challengers Bangalore,Eden Gardens,Kolkata Knight Riders,field,Royal Challengers Bangalore
Delhi Capitals,Punjab Kings,Wankhede Stadium,Delhi Capitals,bat,Punjab Kings
Royal Challengers Bangalore,Rajasthan Royals,M. Chinnaswamy Stadium,Rajasthan Royals,field,Royal Challengers Bangalore
Mumbai Indians,Delhi Capitals,Eden Gardens,Mumbai Indians,bat,Delhi Capitals
Kolkata Knight Riders,Chennai Super Kings,M. Chinnaswamy Stadium,Chennai Super Kings,field,Chennai Super Kings
Chennai Super Kings,Sunrisers Hyderabad,Wankhede Stadium,Chennai Super Kings,field,Chennai Super Kings
Delhi Capitals,Mumbai Indians,Chidambaram Stadium,Mumbai Indians,bat,Delhi Capitals
Delhi Capitals,Rajasthan Royals,M. Chinnaswamy Stadium,Delhi Capitals,bat,Delhi Capitals
Royal Challengers Bangalore,Delhi Capitals,M. Chinnaswamy Stadium,Royal Challengers Bangalore,bat,Delhi Capitals
Mumbai Indians,Delhi Capitals,Feroz Shah Kotla,Delhi Capitals,bat,Delhi Capitals
Punjab Kings,Mumbai Indians,Feroz Shah Kotla,Punjab Kings,field,Mumbai Indians
Delhi Capitals,Chennai Super Kings,M. Chinnaswamy Stadium,Delhi Capitals,bat,Chennai Super Kings
Rajasthan Royals,Sunrisers Hyderabad,Wankhede Stadium,Rajasthan Royals,field,Rajasthan Royals
Rajasthan Royals,Sunrisers Hyderabad,Chidambaram Stadium,Sunrisers Hyderabad,field,Rajasthan Royals
Kolkata Knight Riders,Mumbai Indians,Feroz Shah Kotla,Mumbai Indians,bat,Kolkata Knight Riders
Mumbai Indians,Rajasthan Royals,M. Chinnaswamy Stadium,Mumbai Indians,field,Mumbai Indians
Delhi Capitals,Chennai Super Kings,M. Chinnaswamy Stadium,Delhi Capitals,field,Chennai Super Kings
Punjab Kings,Kolkata Knight Riders,M. Chinnaswamy Stadium,Punjab Kings,field,Kolkata Knight Riders
Punjab Kings,Delhi Capitals,M. Chinnaswamy Stadium,Delhi Capitals,bat,Punjab Kings
Chennai Super Kings,Mumbai Indians,Chidambaram Stadium,Chennai Super Kings,bat,Chennai Super Kings
Punjab Kings,Mumbai Indians,Chidambaram Stadium,Punjab Kings,bat,Punjab Kings
Delhi Capitals,Chennai Super Kings,Feroz Shah Kotla,Delhi Capitals,bat,Delhi Capitals
Royal Challengers Bangalore,Rajasthan Royals,Wankhede Stadium,Rajasthan Royals,field,Rajasthan Royals
Royal Challengers Bangalore,Mumbai Indians,Wankhede Stadium,Royal Challengers Bangalore,field,Mumbai Indians
Sunrisers Hyderabad,Punjab Kings,M. Chinnaswamy Stadium,Sunrisers Hyderabad,field,Punjab Kings
Punjab Kings,Mumbai Indians,Wankhede Stadium,Mumbai Indians,bat,Punjab Kings
Punjab Kings,Delhi Capitals,Eden Gardens,Delhi Capitals,field,Delhi Capitals
Chennai Super Kings,Kolkata Knight Riders,M. Chinnaswamy Stadium,Kolkata Knight Riders,bat,Kolkata Knight Riders
Mumbai Indians,Delhi Capitals,Wankhede Stadium,Mumbai Indians,field,Mumbai Indians
Kolkata Knight Riders,Royal Challengers Bangalore,Feroz Shah Kotla,Royal Challengers Bangalore,bat,Royal Challengers Bangalore
Sunrisers Hyderabad,Royal Challengers Bangalore,M. Chinnaswamy Stadium,Sunrisers Hyderabad,bat,Sunrisers Hyderabad
Kolkata Knight Riders,Delhi Capitals,Wankhede Stadium,Kolkata Knight Riders,field,Delhi Capitals
Mumbai Indians,Kolkata Knight Riders,Feroz Shah Kotla,Mumbai Indians,bat,Kolkata Knight Riders
Sunrisers Hyderabad,Kolkata Knight Riders,Chidambaram Stadium,Kolkata Knight Riders,field,Sunrisers Hyderabad
Punjab Kings,Mumbai Indians,Chidambaram Stadium,Mumbai Indians,field,Mumbai Indians
Mumbai Indians,Punjab Kings,Feroz Shah Kotla,Mumbai Indians,bat,Mumbai Indians
Punjab Kings,Delhi Capitals,Eden Gardens,Delhi Capitals,bat,Punjab Kings
Sunrisers Hyderabad,Royal Challengers Bangalore,Chidambaram Stadium,Sunrisers Hyderabad,field,Royal Challengers Bangalore
Delhi Capitals,Punjab Kings,Wankhede Stadium,Punjab Kings,bat,Delhi Capitals
Punjab Kings,Rajasthan Royals,M. Chinnaswamy Stadium,Rajasthan Royals,bat,Rajasthan Royals
Kolkata Knight Riders,Delhi Capitals,Eden Gardens,Kolkata Knight Riders,bat,Delhi Capitals
Kolkata Knight Riders,Delhi Capitals,Wankhede Stadium,Kolkata Knight Riders,bat,Delhi Capitals
Delhi Capitals,Royal Challengers Bangalore,Feroz Shah Kotla,Royal Challengers Bangalore,bat,Royal Challengers Bangalore
Sunrisers Hyderabad,Chennai Super Kings,Chidambaram Stadium,Sunrisers Hyderabad,bat,Sunrisers Hyderabad
Chennai Super Kings,Rajasthan Royals,Feroz Shah Kotla,Rajasthan Royals,field,Rajasthan Royals
Royal Challengers Bangalore,Sunrisers Hyderabad,Chidambaram Stadium,Royal Challengers Bangalore,field,Sunrisers Hyderabad
Royal Challengers Bangalore,Delhi Capitals,Feroz Shah Kotla,Royal Challengers Bangalore,bat,Royal Challengers Bangalore
Punjab Kings,Royal Challengers Bangalore,Eden Gardens,Punjab Kings,bat,Royal Challengers Bangalore
Rajasthan Royals,Mumbai Indians,Eden Gardens,Rajasthan Royals,bat,Mumbai Indians
Delhi Capitals,Mumbai Indians,Feroz Shah Kotla,Delhi Capitals,bat,Delhi Capitals
Delhi Capitals,Rajasthan Royals,Chidambaram Stadium,Delhi Capitals,bat,Delhi Capitals
Sunrisers Hyderabad,Royal Challengers Bangalore,M. Chinnaswamy Stadium,Royal Challengers Bangalore,field,Sunrisers Hyderabad
Kolkata Knight Riders,Punjab Kings,Chidambaram Stadium,Punjab Kings,bat,Kolkata Knight Riders
Mumbai Indians,Punjab Kings,Chidambaram Stadium,Punjab Kings,field,Mumbai Indians
Rajasthan Royals,Royal Challengers Bangalore,M. Chinnaswamy Stadium,Royal Challengers Bangalore,bat,Royal Challengers Bangalore
Punjab Kings,Royal Challengers Bangalore,M. Chinnaswamy Stadium,Royal Challengers Bangalore,bat,Punjab Kings
Punjab Kings,Kolkata Knight Riders,Chidambaram Stadium,Kolkata Knight Riders,bat,Punjab Kings
Delhi Capitals,Royal Challengers Bangalore,Eden Gardens,Royal Challengers Bangalore,field,Delhi Capitals
Chennai Super Kings,Mumbai Indians,Chidambaram Stadium,Chennai Super Kings,field,Chennai Super Kings
Royal Challengers Bangalore,Mumbai Indians,M. Chinnaswamy Stadium,Mumbai Indians,field,Mumbai Indians
Sunrisers Hyderabad,Kolkata Knight Riders,Eden Gardens,Sunrisers Hyderabad,bat,Kolkata Knight Riders
Sunrisers Hyderabad,Punjab Kings,Chidambaram Stadium,Punjab Kings,bat,Punjab Kings
Sunrisers Hyderabad,Kolkata Knight Riders,Feroz Shah Kotla,Kolkata Knight Riders,field,Kolkata Knight Riders
Punjab Kings,Mumbai Indians,Feroz Shah Kotla,Mumbai Indians,field,Mumbai Indians
Chennai Super Kings,Rajasthan Royals,M. Chinnaswamy Stadium,Chennai Super Kings,bat,Rajasthan Royals
Kolkata Knight Riders,Mumbai Indians,Chidambaram Stadium,Mumbai Indians,bat,Kolkata Knight Riders
Chennai Super Kings,Punjab Kings,Chidambaram Stadium,Punjab Kings,field,Punjab Kings
Royal Challengers Bangalore,Sunrisers Hyderabad,M. Chinnaswamy Stadium,Sunrisers Hyderabad,bat,Royal Challengers Bangalore
Rajasthan Royals,Punjab Kings,M. Chinnaswamy Stadium,Punjab Kings,field,Punjab Kings
Punjab Kings,Royal Challengers Bangalore,Chidambaram Stadium,Punjab Kings,field,Royal Challengers Bangalore
Kolkata Knight Riders,Rajasthan Royals,Feroz Shah Kotla,Rajasthan Royals,bat,Kolkata Knight Riders
Mumbai Indians,Sunrisers Hyderabad,Eden Gardens,Mumbai Indians,field,Mumbai Indians
Royal Challengers Bangalore,Sunrisers Hyderabad,M. Chinnaswamy Stadium,Royal Challengers Bangalore,bat,Royal Challengers Bangalore
Royal Challengers Bangalore,Punjab Kings,Chidambaram Stadium,Punjab Kings,bat,Punjab Kings
Mumbai Indians,Kolkata Knight Riders,Wankhede Stadium,Mumbai Indians,bat,Kolkata Knight Riders
Chennai Super Kings,Rajasthan Royals,Wankhede Stadium,Rajasthan Royals,field,Chennai Super Kings
Delhi Capitals,Sunrisers Hyderabad,Chidambaram Stadium,Delhi Capitals,bat,Sunrisers Hyderabad
Mumbai Indians,Chennai Super Kings,M. Chinnaswamy Stadium,Mumbai Indians,field,Chennai Super Kings
Punjab Kings,Rajasthan Royals,Eden Gardens,Rajasthan Royals,field,Punjab Kings
Kolkata Knight Riders,Rajasthan Royals,Wankhede Stadium,Rajasthan Royals,bat,Kolkata Knight Riders
Punjab Kings,Kolkata Knight Riders,M. Chinnaswamy Stadium,Punjab Kings,bat,Punjab Kings
Sunrisers Hyderabad,Delhi Capitals,Eden Gardens,Delhi Capitals,field,Delhi Capitals
Mumbai Indians,Punjab Kings,M. Chinnaswamy Stadium,Mumbai Indians,bat,Mumbai Indians
Kolkata Knight Riders,Punjab Kings,M. Chinnaswamy Stadium,Kolkata Knight Riders,field,Punjab Kings
Rajasthan Royals,Punjab Kings,Eden Gardens,Punjab Kings,bat,Rajasthan Royals
Sunrisers Hyderabad,Royal Challengers Bangalore,Feroz Shah Kotla,Sunrisers Hyderabad,bat,Royal Challengers Bangalore
Punjab Kings,Royal Challengers Bangalore,Wankhede Stadium,Punjab Kings,bat,Punjab Kings
Chennai Super Kings,Kolkata Knight Riders,Eden Gardens,Chennai Super Kings,field,Kolkata Knight Riders
Kolkata Knight Riders,Sunrisers Hyderabad,Eden Gardens,Sunrisers Hyderabad,bat,Sunrisers Hyderabad
Punjab Kings,Royal Challengers Bangalore,Feroz Shah Kotla,Royal Challengers Bangalore,field,Royal Challengers Bangalore
Punjab Kings,Delhi Capitals,Feroz Shah Kotla,Punjab Kings,field,Delhi Capitals
Delhi Capitals,Mumbai Indians,Feroz Shah Kotla,Delhi Capitals,bat,Delhi Capitals
Royal Challengers Bangalore,Kolkata Knight Riders,Feroz Shah Kotla,Kolkata Knight Riders,bat,Kolkata Knight Riders
Rajasthan Royals,Kolkata Knight Riders,Wankhede Stadium,Rajasthan Royals,bat,Rajasthan Royals
Kolkata Knight Riders,Rajasthan Royals,M. Chinnaswamy Stadium,Rajasthan Royals,field,Kolkata Knight Riders
Mumbai Indians,Kolkata Knight Riders,Wankhede Stadium,Mumbai Indians,field,Kolkata Knight Riders
Delhi Capitals,Chennai Super Kings,Eden Gardens,Chennai Super Kings,bat,Chennai Super Kings
Delhi Capitals,Royal Challengers Bangalore,Eden Gardens,Royal Challengers Bangalore,field,Delhi Capitals
Sunrisers Hyderabad,Punjab Kings,Eden Gardens,Sunrisers Hyderabad,bat,Punjab Kings
Rajasthan Royals,Sunrisers Hyderabad,Wankhede Stadium,Sunrisers Hyderabad,bat,Sunrisers Hyderabad
Sunrisers Hyderabad,Mumbai Indians,Wankhede Stadium,Sunrisers Hyderabad,bat,Sunrisers Hyderabad
Royal Challengers Bangalore,Kolkata Knight Riders,Chidambaram Stadium,Kolkata Knight Riders,bat,Kolkata Knight Riders
Delhi Capitals,Kolkata Knight Riders,Feroz Shah Kotla,Kolkata Knight Riders,field,Kolkata Knight Riders
Kolkata Knight Riders,Chennai Super Kings,Feroz Shah Kotla,Chennai Super Kings,field,Chennai Super Kings
Delhi Capitals,Punjab Kings,Eden Gardens,Punjab Kings,bat,Punjab Kings
Rajasthan Royals,Chennai Super Kings,Eden Gardens,Chennai Super Kings,bat,Rajasthan Royals
Mumbai Indians,Kolkata Knight Riders,Feroz Shah Kotla,Kolkata Knight Riders,field,Mumbai Indians
Sunrisers Hyderabad,Mumbai Indians,Chidambaram Stadium,Sunrisers Hyderabad,bat,Mumbai Indians
Kolkata Knight Riders,Sunrisers Hyderabad,Chidambaram Stadium,Sunrisers Hyderabad,field,Sunrisers Hyderabad
Chennai Super Kings,Sunrisers Hyderabad,Feroz Shah Kotla,Chennai Super Kings,bat,Chennai Super Kings
Punjab Kings,Mumbai Indians,Feroz Shah Kotla,Mumbai Indians,field,Mumbai Indians
Mumbai Indians,Royal Challengers Bangalore,Wankhede Stadium,Mumbai Indians,bat,Mumbai Indians
Sunrisers Hyderabad,Kolkata Knight Riders,Wankhede Stadium,Sunrisers Hyderabad,bat,Kolkata Knight Riders
Rajasthan Royals,Chennai Super Kings,Chidambaram Stadium,Rajasthan Royals,bat,Rajasthan Royals
Royal Challengers Bangalore,Punjab Kings,Eden Gardens,Punjab Kings,field,Royal Challengers Bangalore
Sunrisers Hyderabad,Mumbai Indians,Eden Gardens,Mumbai Indians,field,Mumbai Indians
Rajasthan Royals,Sunrisers Hyderabad,Feroz Shah Kotla,Rajasthan Royals,bat,Rajasthan Royals
Kolkata Knight Riders,Rajasthan Royals,Feroz Shah Kotla,Kolkata Knight Riders,field,Rajasthan Royals
Sunrisers Hyderabad,Delhi Capitals,M. Chinnaswamy Stadium,Sunrisers Hyderabad,bat,Delhi Capitals
Royal Challengers Bangalore,Kolkata Knight Riders,Feroz Shah Kotla,Royal Challengers Bangalore,field,Royal Challengers Bangalore
Mumbai Indians,Royal Challengers Bangalore,Chidambaram Stadium,Royal Challengers Bangalore,field,Royal Challengers Bangalore
Rajasthan Royals,Chennai Super Kings,Chidambaram Stadium,Chennai Super Kings,field,Rajasthan Royals
Chennai Super Kings,Mumbai Indians,M. Chinnaswamy Stadium,Chennai Super Kings,field,Mumbai Indians
Rajasthan Royals,Delhi Capitals,Wankhede Stadium,Delhi Capitals,bat,Delhi Capitals
Chennai Super Kings,Rajasthan Royals,Eden Gardens,Rajasthan Royals,field,Chennai Super Kings
Chennai Super Kings,Rajasthan Royals,Wankhede Stadium,Rajasthan Royals,field,Chennai Super Kings
Sunrisers Hyderabad,Kolkata Knight Riders,Chidambaram Stadium,Kolkata Knight Riders,field,Kolkata Knight Riders
Mumbai Indians,Delhi Capitals,Wankhede Stadium,Mumbai Indians,field,Mumbai Indians
Rajasthan Royals,Delhi Capitals,Feroz Shah Kotla,Rajasthan Royals,bat,Delhi Capitals
Chennai Super Kings,Mumbai Indians,Eden Gardens,Mumbai Indians,bat,Mumbai Indians
Royal Challengers Bangalore,Sunrisers Hyderabad,Eden Gardens,Sunrisers Hyderabad,bat,Royal Challengers Bangalore
Sunrisers Hyderabad,Punjab Kings,Chidambaram Stadium,Punjab Kings,field,Sunrisers Hyderabad
Kolkata Knight Riders,Rajasthan Royals,M. Chinnaswamy Stadium,Kolkata Knight Riders,field,Rajasthan Royals
Delhi Capitals,Punjab Kings,Feroz Shah Kotla,Punjab Kings,field,Delhi Capitals
Chennai Super Kings,Royal Challengers Bangalore,Chidambaram Stadium,Chennai Super Kings,bat,Royal Challengers Bangalore
Chennai Super Kings,Sunrisers Hyderabad,Chidambaram Stadium,Chennai Super Kings,bat,Chennai Super Kings
Rajasthan Royals,Sunrisers Hyderabad,Wankhede Stadium,Rajasthan Royals,field,Sunrisers Hyderabad
Mumbai Indians,Punjab Kings,Wankhede Stadium,Punjab Kings,field,Punjab Kings
Sunrisers Hyderabad,Chennai Super Kings,Eden Gardens,Sunrisers Hyderabad,field,Chennai Super Kings
Kolkata Knight Riders,Chennai Super Kings,M. Chinnaswamy Stadium,Chennai Super Kings,bat,Kolkata Knight Riders
Mumbai Indians,Delhi Capitals,Wankhede Stadium,Mumbai Indians,field,Mumbai Indians
Royal Challengers Bangalore,Chennai Super Kings,M. Chinnaswamy Stadium,Royal Challengers Bangalore,bat,Chennai Super Kings
Rajasthan Royals,Delhi Capitals,M. Chinnaswamy Stadium,Rajasthan Royals,bat,Delhi Capitals
Chennai Super Kings,Kolkata Knight Riders,M. Chinnaswamy Stadium,Chennai Super Kings,bat,Kolkata Knight Riders
Punjab Kings,Kolkata Knight Riders,Eden Gardens,Punjab Kings,bat,Punjab Kings
Chennai Super Kings,Kolkata Knight Riders,Chidambaram Stadium,Kolkata Knight Riders,field,Kolkata Knight Riders
Delhi Capitals,Sunrisers Hyderabad,Feroz Shah Kotla,Sunrisers Hyderabad,field,Sunrisers Hyderabad
Punjab Kings,Rajasthan Royals,Eden Gardens,Rajasthan Royals,bat,Rajasthan Royals
Delhi Capitals,Chennai Super Kings,Chidambaram Stadium,Delhi Capitals,field,Chennai Super Kings
Rajasthan Royals,Punjab Kings,Feroz Shah Kotla,Punjab Kings,bat,Rajasthan Royals
Mumbai Indians,Rajasthan Royals,Eden Gardens,Rajasthan Royals,field,Rajasthan Royals
Royal Challengers Bangalore,Kolkata Knight Riders,Chidambaram Stadium,Kolkata Knight Riders,field,Royal Challengers Bangalore
Punjab Kings,Rajasthan Royals,Feroz Shah Kotla,Punjab Kings,bat,Punjab Kings
Mumbai Indians,Punjab Kings,M. Chinnaswamy Stadium,Punjab Kings,field,Mumbai Indians
Punjab Kings,Sunrisers Hyderabad,Chidambaram Stadium,Punjab Kings,field,Sunrisers Hyderabad
Chennai Super Kings,Kolkata Knight Riders,Feroz Shah Kotla,Kolkata Knight Riders,bat,Kolkata Knight Riders
Sunrisers Hyderabad,Rajasthan Royals,Feroz Shah Kotla,Rajasthan Royals,field,Sunrisers Hyderabad
Chennai Super Kings,Punjab Kings,Chidambaram Stadium,Chennai Super Kings,field,Punjab Kings
Rajasthan Royals,Punjab Kings,Feroz Shah Kotla,Rajasthan Royals,field,Rajasthan Royals
Sunrisers Hyderabad,Mumbai Indians,Chidambaram Stadium,Mumbai Indians,field,Sunrisers Hyderabad
Royal Challengers Bangalore,Rajasthan Royals,Wankhede Stadium,Royal Challengers Bangalore,field,Royal Challengers Bangalore
Royal Challengers Bangalore,Punjab Kings,Wankhede Stadium,Royal Challengers Bangalore,field,Punjab Kings
Chennai Super Kings,Delhi Capitals,Eden Gardens,Delhi Capitals,bat,Chennai Super Kings
Rajasthan Royals,Sunrisers Hyderabad,M. Chinnaswamy Stadium,Sunrisers Hyderabad,field,Rajasthan Royals
Delhi Capitals,Kolkata Knight Riders,Eden Gardens,Delhi Capitals,field,Delhi Capitals
Royal Challengers Bangalore,Chennai Super Kings,Feroz Shah Kotla,Royal Challengers Bangalore,bat,Chennai Super Kings
Royal Challengers Bangalore,Kolkata Knight Riders,M. Chinnaswamy Stadium,Kolkata Knight Riders,bat,Royal Challengers Bangalore
Chennai Super Kings,Kolkata Knight Riders,Chidambaram Stadium,Chennai Super Kings,field,Kolkata Knight Riders
Royal Challengers Bangalore,Kolkata Knight Riders,Wankhede Stadium,Royal Challengers Bangalore,bat,Royal Challengers Bangalore
Kolkata Knight Riders,Punjab Kings,Wankhede Stadium,Kolkata Knight Riders,bat,Punjab Kings
Delhi Capitals,Sunrisers Hyderabad,Eden Gardens,Delhi Capitals,bat,Sunrisers Hyderabad
